object_type_clean,count
Print,27643
Coin,7246
Vessel,5973
Token,5965
Bowl,4213
Photographicprint,3425
Figure,3204
Drawing,2303
Axe,2042
Jar,1885
Medal,1755
Artefact,1683
Toolimplement,1546
Painting,1546
Bead,1521
Vase,1498
Postcard,1449
Tablet,1393
Dish,1265
Flake,1255
Banknote,1186
Illustratedbook,1181
Basket,1107
Cup,1047
Knife,1012
Jug,991
Sample,959
Bracelet,934
Textile,933
Spear,908
Plaque,899
Finger Ring,856
Figurine,842
Scraper,837
Arrow,810
Sword,803
Model,793
Amulet,762
Smoking Pipe,760
Animalremains,718
Pendant,702
Arrow Head,702
Hangingscroll,690
Spear Head,689
Core,682
Spoon,673
Seal,667
Necklace,664
Bag,659
Plate,654
Blade,652
Lamp,652
Ornament,647
Pin,643
Dagger,616
Belt,611
Ring,588
Beaker,582
Bottle,572
Ear Ring,562
Shield,553
Skirt,541
Cylinderseal,536
Stamp Seal,533
Cloth,525
Adze,501
Brooch,500
Tobacco Pipe,495
Point,493
Club,492
Tile,489
Hat,478
Pot,477
Handaxe,473
Staff,473
Netsuke,469
Comb,462
Scarab,454
Surimono,454
Armlet,448
Mask,439
Disc,425
Container,421
Sculpture,415
Lid,408
Vegetalremains,398
Buckle,394
Box,387
Bow,371
Handle,354
Rattle,354
Barrelbar,349
Album,340
Quiver,334
Weight,333
Bangle,328
Endscraper,328
Statue,327
Toy,316
Cast,313
Celt,313
Stela,309
Spindle Whorl,307
Watch,303
Tsuba,301
Fitting,298
Awl,295
Sheath,276
Fish Hook,274
Cooking Pot,272
Shirt,271
Brick,268
Chisel,263
Whistle,263
Amphora,260
Badge,256
Statuette,255
Flask,254
Cap,253
End And Sidescraper,252
Jacket,252
Teapot,248
Charm,246
Drum,244
Stool,244
Ostracon,241
Cheque,237
Triptychprint,233
Hammer,231
Incense Burner,229
Medallion,228
Digitalphotograph,226
Projectile,224
Socketedaxe,223
Fan,220
Mortar,214
Mat,214
Leafarrow Head,213
Spindle,209
Flute,203
Book,201
Dress,201
Mould,198
Floor Tile,196
Retouchedflake,196
Nail,195
Inlay,195
Tray,195
Relief,194
Block,193
Stopper,190
Apron,187
Sword Sheath,187
Shabti,186
Rope,184
Ladle,184
Ewer,182
Head Dress,182
Mirror,182
Urn,181
Whetstone,181
Palstave,181
Cover,180
Calligraphy,178
Poster,177
Stick,175
Barkcloth,175
Saucer,174
Sidescraper,173
Mount,173
Bell,171
Diptychprint,170
Head Band,166
Trousers,164
Papyrus,163
Belt Fitting,161
Sash,159
Pebble,158
Stamp,158
Coffin,158
Sealing,156
Snuff Box,154
Goblet,153
Scaraboid,153
Panel,153
Lekythos,152
Neck Ornament,151
Sandal,151
Hammerstone,151
Storage Jar,149
Needle,149
Loom Weight,149
Kylix,148
Coat,148
Harpoon,147
Mug,146
Razor,146
Bookofprints,146
Ear Ornament,145
Photobook,143
Key,143
Posyring,143
Newspaperperiodical,142
Sickle,142
Transversearrow Head,140
Stud,139
Negative,139
Doll,138
Musicalinstrument,138
Handscroll,136
Trumpet,136
Tube,136
Knife Sheath,136
Ingot,134
Shoe,132
Pyxis,130
Strap Fitting,129
Pitcher,129
Transportamphora,127
Moneyenvelope,125
Pounder,122
Strap End,122
Ball,122
Girdle,118
Pestle,118
Tangedarrow Head,118
Canoe,117
Rod,116
Base,116
Hook,115
Battle Axe,113
Discbrooch,113
Bucket,113
Waist Band,113
Cord,111
Fishing Net,111
Pilgrimbadge,111
Cameo,111
Alabastron,110
Sling,109
Mortarium,109
Spearthrower,109
Tankard,109
Garment,109
Religiousritualequipment,108
Signet Ring,107
Hair Pin,107
Intaglio,106
Humancremation,104
Blouse,104
Long Caseclock,103
Pigmentsample,103
Axe Hammer,103
Tea Bowl,102
Mmslide,102
Strainer,101
Collar,101
Quern,101
Gouge,100
Drinking Cup,99
Platter,98
Neck Amphora,98
Lance,97
Oinochoe,97
Retouchedblade,97
Shawl,97
Debitage,97
Calendarwatch,96
Plaquette,96
Helmet,96
Torc,96
Spatula,95
Juglet,94
Hair Ornament,93
Toggle,93
Bust,92
Button,91
Borer,91
Humanskeletalremains,91
Carte De Visite,90
Peg,90
Hydria,90
Water Vessel,90
Reliquary,89
Gaming Piece,87
Votiveplaque,86
Basin,86
Case,86
Whip,86
Head Ornament,86
Blanket,86
Furniture Fitting,85
Fire Stick,84
Unguentarium,84
Ear Plug,84
Beater,84
Anklet,83
Architecture,81
Boss,81
Fabricator,80
Dart,80
Censer,80
Hoe,79
Coupon,79
Coffee Cup,79
Mace,79
Discoidalscraper,79
Skyphos,79
Tunic,78
Pouch,78
Letter,77
Bladelet,77
Cosmetic Grinder,77
Amphoriskos,77
Game Piece,77
Lanternslide,76
Stand,76
Pick,76
Coffee Pot,75
Sock,74
Barkcloth Beater,74
Ticket,74
Portraitbust,74
Tweezers,74
Centre Secondswatch,74
Head Rest,73
Robe,73
Throwing Knife,73
Purse,73
Jewellery,73
Bowbrooch,73
Arm Band,72
Strap,72
Sinker,72
Cloth Seal,72
Humanmummy,71
Bullroarer,71
Fish Trap,71
Scoop,70
Waistcoat,70
String,70
Bladecore,70
Loom,70
Fibula,70
Hashira E,70
Tazza,70
Krater,70
Rubbing,70
Nodule,70
Offering Table,69
Sansa,69
Weapon,69
Belt Buckle,68
Tomb Relief,67
Shuttle,67
Sling Shot,67
Boot,67
Sarcophagus,67
Board,67
Balance,66
Pilgrimflask,66
Fly Whisk,66
Counter,65
Stirrup,65
Candlestick,65
Manuscript,65
Microlith,65
Penannularbrooch,65
Forgery,65
Cape,64
Seal Impression,64
Pot Stand,64
Chain,64
Cylinder,64
Levalloisflake,63
Modelbuildingstructure,63
Harness Fitting,63
Scarf,63
Piercer,63
Kantharos,62
Askos,62
Flower Vase,62
Chopper,62
Portraitmedallion,62
Cowroid,62
Collaredurn,62
Dance Mask,62
Brush,61
Barbed And Tangedarrow Head,61
Arm Dagger,60
Polisher,60
Cushion Cover,60
Hanging,60
Baby Carrier,60
Currency,60
Water Pipe,60
Icon,59
Civilwartoken,59
Milk Jug,59
Crescent,59
Roughout,58
Votivefigure,58
Snuff Bottle,58
Rivet,58
Card,58
Alarmwatch,58
Spike,58
Digging Stick,57
Modelgroup,57
Ferrule,57
Lock,57
Harp,57
Tobaccosample,57
Chatelaine,57
Tongs,56
Wine Glass,56
Saw,56
Tabletcase,56
Neck Ring,56
Cleaver,56
Moccasin,56
Vessel Fitting,55
Document,55
Wrist Watch,55
Capital,55
Sealstone,54
Spur,54
Hammock,54
Quarter Repeatingwatch,54
Dedicatorycone,54
Paddle,54
Chalice,54
Water Pot,53
Knappingfragment,53
Temple Relief,53
Slag,53
Backedbladelet,53
Inro,53
Stereoscopephotograph,53
Sheet,53
Saddle,53
Lamp Stand,52
Mourning Ring,52
Stemcup,52
Binding,52
Cloak,52
Writing Tablet,52
Dagger Sheath,51
Sugar Bowl,51
Flataxe,51
Fishing Line,51
Oilpainting,51
Rug,51
Book Cover,50
Leafpoint,50
Kodogu,50
Discpendant,50
Mantelclock,50
Furniture,49
Envelope,49
Drinking Glass,49
Tobacco Box,49
Wrapping,49
Brazier,49
Proof,48
Plough,48
Sieve,48
Gunpowder Horn,48
Screen,48
Spade,48
Artistbook,48
Salt Cellar,47
Altar,47
Spinning Top,47
Fastener,47
Printing Block,47
Wedge,47
Poncho,46
Musicalhorn,46
Calendar,46
Drinking Horn,46
Hinge,46
Kris,46
Perfume Bottle,46
Scroll,46
Masquerade Mask,46
Waist Ornament,46
Seat,45
Horsebridle Bit,45
Penannularbracelet,45
Financialinstrument,45
Jar Sealing,45
Penis Sheath,45
Humanremains,45
Food Cover,44
Levalloiscore,44
Divinationequipment,44
Halberd,44
Label,44
Patera,44
Palette,43
Lintel,43
Gown,43
Stirrupjar,43
Thumbnailendscraper,43
Cruciformbrooch,43
Arm Ring,43
Notchedscraper,43
Mizusashi,43
Fish Arrow,43
Votiveoffering,43
Jewellery Fitting,43
Water Bottle,43
Thread,42
Ceremonialaxe,42
Shadowpuppet,42
Draft,42
Fork,42
Rubber,42
Receipt,42
Jewsharp,42
Backedblade,42
Blow Pipe,42
Sauce Boat,42
Bifaciallyworkedpiece,41
Terminal,41
Gold Weight,41
Dance Head Dress,41
Canopicjar,41
Prism,41
Tobacco Pouch,41
Mummy Wrapping,41
Wrapper,41
Rapier,41
Crucifix,41
Tea Cup,40
Horizontaldial,40
Hilt,40
Tripod,40
Cineraryurn,40
Balusterjug,40
Firefire Lightingequipment,40
Horse Trappings,40
Figure Mould,40
Tea Jar,40
Stamnos,40
Impression,40
Coinpendant,39
Animalmummy,39
Table,39
Combbeater,39
Ringedpin,39
Billofexchange,39
Aryballos,39
Vessel Cover,39
Throwing Stick,39
Stirrer,39
Bladeletcore,39
Bill Hook,39
Stylus,38
Waster,38
Katana,38
Gunpowder Flask,38
Staple,38
Glassnegative,38
Fossil,38
Sleeping Mat,38
Specimen,38
Trumpetbrooch,38
Macehead,37
Float,37
Dinos,37
Strikingclock,37
Clasp,37
Tombstone,37
Knobkerrie,37
Funnel,37
Game Board,37
Drinking Vessel,36
Rosary,36
Water Jar,36
Squeeze Mould,36
Brush Washer,36
Slab,36
Wakizashi,36
Vessel Stand,36
Stop Watch,36
Cushion,36
Nose Ornament,35
Tine,35
Stupa,35
Lip Cup,35
Figure Fitting,35
Broom,35
Dyesample,35
Toilet Toolimplement,35
Plug,35
Gun,35
Playing Card,35
Padlock,35
Banner,35
Sleeve,35
Cart,35
Lime Spatula,34
Cosmetic Palette,34
Chess Piece,34
Incense Box,34
Taverntoken,34
Potterstoolimplement,34
Circlet,34
Ribbon,34
Whisk,34
Pectoral,34
Trap,34
Cheek Piece,34
Skull Cap,33
Notgeld,33
Notch,33
Musicalbow,33
Skillet,33
Puppet,33
Terret,33
Fuchi,33
Meiping,33
Boat,33
Quechquemitl,33
Lekanis,33
Tassel,33
Snuff Container,33
Wall Painting,32
Bowdrill,32
Lime Container,32
Poisonsample,32
Flue Tile,32
Sceptre,32
Decanter,32
Newyear Print,32
Chair,32
Columnkrater,32
Standingcup,31
Festival Costume,31
Arm Ornament,31
Rasp,31
Game,31
Grindstone,31
Towel,31
Personalornament,31
Head Cloth,31
Projectilepoint,31
Monumentalbrass,31
Tinder,31
Incantationbowl,31
Steelyard,31
Pattern Coin,31
Edgetool,30
Die,30
Armour,30
Slipper,30
Tie,30
Clock Watch,30
Lip Ornament,30
Corerejuvenationflake,30
Saddle Bag,30
Canoe Ornament,30
Plume,30
Shabti Box,30
Finial,30
Ampulla,30
Booklet,30
Pillow,30
Eight Dayclock,30
Carpet,30
Weavingequipment,29
Wrist Guard,29
Column,29
Betel Cutter,29
Shoulder Bag,29
Axe Adze,29
Mummy Case,29
Quran Board,29
Kris Sheath,29
Thong,29
Flower Pot,29
Huipil,29
Frieze,29
Decoratedegg,29
Carrying Basket,29
Frame,29
Cartonnage,29
Musicsheetcover,28
Skitnote,28
Bodkin,28
Pithos,28
Foodproduct,28
Food Basket,28
Money Box,28
Shoe Buckle,28
Turban,28
Brush Pot,28
Kashira,28
Pole,28
Lip Plug,28
Zither,28
Rhyton,28
Xylophone,28
Olpe,28
Bobbin,27
Manta,27
Cosmetic Spoon,27
Ulu,27
Net Gauge,27
Girdle Hanger,27
Sax,27
Storage Basket,27
Visualrepresentation,27
Tanto,27
Wallpanel,27
Harness,27
Box Fitting,27
Hacksilver,27
Square Headedbrooch,27
Burnisher,27
Printing Plate,27
Docket,27
Kohl Pot,27
Ojime,27
Tinder Box,26
Petticoat,26
Bellkrater,26
Sari,26
Cosmetic Toolimplement,26
Pipe,26
Tjuringa,26
Crucible,26
Yarn,26
Carafe,26
Equal Armbrooch,26
Spacer Bead,26
Amulet Case,26
Tattooing Instrument,26
Roulette,26
Theatre Ticket,26
Tuyere,26
Kohl Jar,26
Shrine,26
Denticulate,26
Mano,25
Seal Box,25
Kiln Furniture,25
Mail Armour,25
Strike A Light,25
Photographicslide,25
Incensario,25
Waist Cloth,25
Shaft,25
Artistpostcard,25
Spool,25
Wall Plaque,25
Cistern,25
Coretablet,25
Stave,25
Communiontoken,25
Sake Bottle,25
Kohl Stick,25
Burqa,25
Ink Pot,25
Mummy Mask,25
File,25
Admission Ticket,24
Toilet Set,24
Triptych,24
Fire Fan,24
Telephonecard,24
Kozuka,24
Pen,24
Flakedflake,24
Magicalgem,24
Miniature,24
Shellring,24
Scribalpalette,24
Sledge,24
Bezel,24
Strip,24
Pamphlet,24
Mosaic,24
Lantern,23
Leaflet,23
Breast Ornament,23
Neck Band,23
Linch Pin,23
Cornice,23
Band,23
Bed Cover,23
Watch Component,23
Printstudy,23
Water Ewer,23
Heart Scarab,23
Hanginglamp,23
Tea Caddy,23
Brush Rest,23
Replica,23
Portfolio,23
Ovalbrooch,23
Oil Lamp,23
Flint,23
Throwing Club,23
Albarello,23
Medicine,23
Thimble,23
Casket,23
Foundation Deposit,23
Phiale,23
Bolas Weight,23
Fire Steel,23
Holder,22
Wand,22
Grinder,22
Greeting Card,22
Salt,22
Dance Costume,22
Watch Case,22
Divination Tablet,22
Opium Pipe,22
Tripod Bowl,22
Burin,22
Game Ball,22
Forehead Ornament,22
Loop,22
Storage Vessel,22
Tzute,22
Lovetoken,22
Twine,22
Pumpdrill,22
Mantle,22
Drill,22
Drug Pot,22
Draughts Piece,22
Skewer,22
Fishing Float,22
Stake,21
Cuirass,21
Roundel,21
Aeolipile,21
Self Windingwatch,21
Wallcone,21
Tsuki,21
Bread Stamp,21
Tally,21
Chopstick,21
Timepiece,21
Wine Jar,21
Sarong,21
Cross,21
Necklet,21
Hangingbowl,21
Tomahawkpipe,21
Spout,21
Rain Cape,21
Transversescraper,21
Obelisk,21
Discoidalknife,21
Tomb Painting,21
Shroud,21
Tapestry,20
Truncatedblade,20
Tea Set,20
Federing,20
Flag,20
Pincers,20
Bodice,20
Game Counter,20
Gorget,20
Bi,20
Net Sinker,20
Servilleta,20
Tableclock,20
Ear Stud,20
Dice,20
Chemise,20
Ring Stone,20
Hood,20
Productionreplication,20
Pee,20
Embroiderysample,20
Sianacup,20
Jue,20
Pen Case,20
Bar,20
Mummy Label,20
Portraithead,20
Carrying Cloth,20
Wrist Clasp,20
Kogatana,20
Calyx Krater,20
Facejug,19
Glassrod,19
Mancala Board,19
Betel Pestle,19
Gem,19
Architecturalfitting,19
Fan Print,19
Postage Stamp,19
Dirk,19
Popularprint,19
Fishingequipment,19
Colander,19
Mouth Piece,19
Rat Trap,19
Chocolate Cup,19
Band Cup,19
Antefix,19
Anvil,19
Smoking Pipe Case,19
Smoother,19
Cup Stand,19
Net,19
Shears,19
Wall Hanging,19
Wall Tile,19
Cooking Vessel,19
Tyg,19
Lug,19
Bracket,19
Dress Hook,19
Vessel Stamp,19
Tessera,19
Boomerang,19
Filter,19
Collage,19
Quarrel,19
Pen Box,18
Sack,18
Transport Ticket,18
Garment Hook,18
Crosspendant,18
Thumb Ring,18
Parang,18
Bifaciallyretouchedflake,18
Strigil,18
Funerarycone,18
Umbrella,18
Pommel,18
Clock Component,18
Ding,18
Mirror Case,18
Bed,18
Sax Sheath,18
Fish Spear,18
Back Ornament,18
Sickle Sword,18
Invitation,18
Ceremonialpaddle,18
House Post,18
Offering Stand,18
Retouchedpiece,18
Amulet Mould,18
Steelyard Weight,18
Buttonbrooch,18
Codex,18
Astrolabe,18
Broadside,18
House Board,17
Situla,17
Kudurru,17
Shunga,17
Quarter Chimingclock,17
Hat Ornament,17
Distaff,17
Hatchet,17
Pax,17
Casting Jet,17
Baldric,17
Skeletonisedwatch,17
Note,17
Altar Vase,17
Rake,17
Diptych,17
Roller,17
Probe,17
Clamp,17
Phial,17
Incense Holder,17
Hair Band,17
Cooking Bowl,17
Theatremask,17
Lyre,17
Net Float,17
Net Weight,17
Serape,17
Creditcard,17
Transparency,17
Spittoon,17
Candle Holder,17
Kite,17
Pan,17
Chronometer Component,17
Oculistsstamp,16
Ridge Tile,16
Cuff,16
Parang Sheath,16
Cigarette Holder,16
Costrel,16
Cow Bell,16
Tripodstand,16
Headscarf,16
Astronomicalcompendium,16
Wheel,16
Knob,16
Soup Bowl,16
Radiate Headedbrooch,16
Cigar Case,16
Soup Plate,16
Ceremonialboard,16
Souvenir,16
Manilla,16
Kakemono E,16
Fringe,16
Pendantmask,16
Rattle Staff,16
Coffin Fitting,16
Quran Case,16
Door Socket,16
Trough,16
Lamp Holder,16
Toe Ring,16
Religiousritualvessel,16
Chest,16
Cosmetic Box,16
Rebozo,16
Shini E,16
Carrying Sling,16
Ceremonialstaff,16
Stove,16
Hour Strikingclock,16
Underskirt,15
Scissors,15
Face Mask,15
Alarmclock,15
Eye Shade,15
Utilitycloth,15
Clock,15
Hair Ring,15
Bellows,15
Map,15
Rowel Spur,15
Standard,15
Coffee Can,15
Canopicchest,15
Coconut Scraper,15
Processionalcross,15
Tent,15
Roof Tile,15
Jeton,15
Pelike,15
Pedestalvase,15
Lamp Mould,15
Barbedpoint,15
Choppingtool,15
Grater,15
Sail,15
Modifiedpotsherd,15
Beam,15
Tumpline,15
Mill,15
Locket,15
Cigar Holder,15
Lute,15
Javelin,15
Incense Container,15
Cigarette Case,15
Hu,15
Yoke,15
Eolith,14
Cauldron,14
Ink Well,14
Cigarette Box,14
Chronometerwatch,14
Hsun Ok,14
Microburin,14
Turkish Marketwatch,14
Sword Harness,14
Incense Stand,14
Waist Mat,14
Food Tray,14
Reel,14
Bead Net,14
Dihedralburin,14
Briquetage,14
Ligula,14
Tag,14
Cosmetic Applicator,14
Shabti Coffin,14
Tiki,14
Appliedbrooch,14
Papercut,14
Bolas,14
Endscraperonflake,14
Mediumformatslide,14
Newyear Flask,14
Ring Dial,14
Horse Harness,14
Suzuribako,14
Sprinkler,14
Torch,14
Fish Plate,14
Back Rest,14
Burinonretouchedtruncation,14
Kuduo,14
Buttonseal,14
Chariot Fitting,14
Fishing Basket,14
Saddle Cloth,14
Francisca,14
Formwatch,14
Bib,14
Divination Piece,14
Legging,14
Costume,14
Ringbrooch,14
Cone,13
Cymbal,13
Tent Cloth,13
Repeatingwatch,13
Vestment,13
Girth,13
Modelling Toolimplement,13
Milk Pot,13
Guitar,13
Milk Vessel,13
Watch Chain,13
Half Hunterwatch,13
Tachi,13
Tail Piece,13
Gui,13
Agriculturaltoolimplement,13
Slit Drum,13
Applicator,13
Nose Ring,13
Wine Bottle,13
Ink Stand,13
Arm Guard,13
Mallet,13
Underpants,13
Trade Card,13
Frying Pan,13
Prayer Mat,13
Doublebevelbasepoint,13
Wig Curler,13
Serjeantsring,13
Marble,13
Axle,13
Saucer Dish,13
Satiricalprint,13
Balance Case,13
Moulding,13
Pectoralcross,13
Musicalpipe,13
S Brooch,13
Adorno,13
Kohl Tube,12
Funeraryequipment,12
Head Cover,12
Grain Measure,12
Totem Pole,12
Catalogue,12
Cruet,12
Sundial,12
Kimono,12
Eye Stone,12
Pudding Knife,12
Knuckle Bone,12
Climbing Rope,12
Carding Comb,12
Sketch Book,12
Wallet,12
Scalenetriangle,12
Link,12
Dipper Juglet,12
T Shirt,12
Gravestone,12
Guttus,12
Notebook,12
Ioniancup,12
Tureen,12
Habb,12
Gun Flint,12
Re Engravedcoin,12
Forceps,12
Bottle Sealing,12
Offering Dish,12
Pentaptychprint,12
Ear Scoop,12
Endscraper Burin,12
Food Hook,12
Ponchito,12
Sago Pounder,12
Christmas Card,12
Tool Rest,12
Burial Cloth,12
Stackfreedwatch,12
Picture,12
Haniwa,12
Divination Bowl,12
Betel Mortar,12
Handbag,12
Colchesterbrooch,12
Pellet,12
Buttock Ornament,12
Bulla Pendant,12
Stemmedbowl,12
Harnesspendant,12
Equinoctialdial,11
Eye Cup,11
Half Quarter Repeatingwatch,11
Dipper,11
Carrying Pole,11
Carrying Strap,11
Flower Holder,11
Counterpoise,11
Dance Ornament,11
Takatsuki,11
Loin Cloth,11
Cooking Implement,11
Table Cloth,11
Sharpener,11
Dance Club,11
Demi Parure,11
Bookplate,11
Scabbardslide,11
Jar Cover,11
Rain Guard,11
Toilet Box,11
Book Illustration,11
Salver,11
Chronographwatch,11
Plaque Mould,11
Bandolier,11
Truncatedbackedbladelet,11
Steamer,11
Water Bag,11
Handkerchief,11
Quadrant,11
Vignette,11
Pick Axe,11
Bookbindersstamp,11
Fish Basket,11
Singleyearcalendarmedal,11
Pelletbow,11
Preservedhumanhead,11
Quilt,11
Musicalbeater,11
Castanet,11
Cattle Trappings,11
He,11
Incensesample,11
Watch Paper,11
Suit,11
Cosmetic Spatula,11
Pata,11
Jewellery Mould,11
Counterplate,11
Window Glass,11
Honey Pot,11
Clapper,11
Coachwatch,11
Fire Piston,11
Garter,11
Cross Bow,11
Glaux,11
Thirty Hourwatch,11
Throne,11
Bombilla,11
Veil,11
Offering,11
Arch,11
Paint Brush,11
Adire,11
Wrap,10
Oar,10
Archersloose,10
Work Box,10
Egoyomi,10
Mosaicpavement,10
Barrel,10
Assignat,10
Pedestalbeaker,10
Engravedantlerboneivory,10
Snuffer,10
Niche,10
Wine Cup,10
Spacer Bar,10
Pillar,10
Volutekrater,10
Smoking Pipe Bag,10
Cannon,10
Carinatedendscraper,10
Camel Trappings,10
Drill Core,10
Squatlekythos,10
Catapult,10
Bridle,10
Buckle Fitting,10
Breast Plate,10
Buckler,10
Lebesgamikos,10
Pot Holder,10
Plastron,10
Magicbowl,10
Pliers,10
Tyre,10
Drinking Bowl,10
Drinking Straw,10
Figure Head,10
Ebauche,10
Fiddle Bow,10
Eccentricflint,10
Bond,10
Unguent Bottle,10
Manioc Squeezer,10
Marinechronometer,10
Pivot,10
Pillow Case,10
Tract,10
Pyramidion,10
Chape,10
Toiletcosmeticequipment,10
Gong,10
Dish Cover,10
Cradle,10
Shovel,10
Shank,10
Flower Pot Stand,10
Oven,10
Writing Brush,10
Diadem,10
Food Paddle,10
Cuff Link,10
Suspension Loop,10
Cowriemoney,10
Cosmetic Vessel,10
Talisman,10
Flagon,10
Scale Armour,10
Grinding Stone,10
Sampler,10
Corn Grinder,10
Hat Pin,10
Commemorativecoin,10
Head Piece,10
Clog,10
Calendarmedal,10
Dress Fitting,10
Calendarclock,10
Lathe,10
Rolling Pin,10
Door,10
Chunk,10
Tobe,10
Pilaster,9
Menat,9
Votivebox,9
Walking Stick,9
Pendant Mould,9
Needle Case,9
Naukraticfigure,9
Astronomicalclock,9
Minute Repeatingwatch,9
Beer Strainer,9
Molarflask,9
Egg Cup,9
Wine Cooler,9
Netting Needle,9
Engravingtool,9
Nut Cracker,9
Obi,9
Ocarina,9
Nocturnal,9
Pan Pipes,9
Annularbrooch,9
Xylophone Beater,9
Smoothingiron,9
Papyrus Sealing,9
Back Scratcher,9
Water Jug,9
Mukluk,9
Multiplevase,9
Reedpen,9
Independentcentre Secondswatch,9
Fire Drill,9
Raincoat,9
Toymoney,9
Topo,9
Cartridge Belt,9
Skate,9
Punch,9
Kapkap,9
Prayer Bead,9
Lanternclock,9
Kohl Container,9
Kotyle,9
Programme,9
Kiln,9
Trial Piece,9
Drill Bit,9
Mancala Piece,9
Fiddle,9
Lunula,9
Plumb Bob,9
Plane,9
Pinax,9
Ear Spool,9
Bonnet,9
Liverybadge,9
Bullet,9
Template,9
Heart Amulet,9
Chrismatory,9
Tobacco Container,9
Scalpel,9
Saucerlamp,9
Sword Belt,9
Tambourine,9
Hair Piece,9
Hand Towel,9
Hair Slide,9
Sifter,9
Cigar,9
Fish Lure,9
Timer,9
Hole Mouthjar,9
Horse Bridle,9
Roof,9
Dish Lamp,9
Costume Fitting,9
Curtain,9
Cutter,9
Seal Ring,9
Scythe,9
Crozier,9
Shawm,9
Food Box,9
Food Container,9
Dinner Set,9
Digging Toolimplement,9
Stencil,9
Stemmeddish,9
Shield Ornament,9
Overgarment,9
Wrench,9
Wrist Rest,9
Offering Bowl,8
Writing Paper,8
Writing Box,8
Amphoroidkrater,8
Wrist Knife,8
Wallclock,8
Spice Box,8
Lozengearrow Head,8
Altar Ornament,8
Hobble,8
Tent Peg,8
Thang Kha,8
Cippus,8
Seax,8
Lagynos,8
Sliderule,8
House Ornament,8
Burial Pot,8
Burial Urn,8
Shackle,8
Stove Tile,8
Foldingknife,8
Dance Dress,8
Lotteryticket,8
Turbancloth,8
Gable Ornament,8
Potterswheel,8
Pouch Fitting,8
Name Bead,8
Trivet,8
Lancet,8
Sector,8
Custard Cup,8
Bolt,8
Fan Painting,8
Funeraryurn,8
Reliquary Cross,8
Mosque Lamp,8
Dress Pin,8
Press,8
Cuptypea,8
Tobacco Bag,8
Burinonabreak,8
Cattle Bell,8
Boundary Stone,8
Offering Vessel,8
Jeogori,8
Vessel Holder,8
Pilgrimbottle,8
Hollow Basedarrow Head,8
Monument,8
Shift,8
Hair Cord,8
Salt Shaker,8
Vest,8
Carpet Bowl,8
Cashcard,8
Compass,8
Glove,8
Measure,8
Hat Band,8
Kettle,8
Punch Bowl,8
Swivel,8
Pyx,8
Cravat Pin,8
Switch,8
Joss Stick Holder,8
Jingle,8
Sistrum,8
Spring,8
Pubic Ornament,8
Kalathos,8
Guan,8
Mummy Board,8
Hanger,8
Saddlequern,8
Caltrop,8
Transverseburin,8
Bailer,8
Bagpipes,8
Snuff Flask,8
Finger Knife,8
Candelabrum,8
Can,8
Petroglyph,8
Tattooing Needle,8
Perpetualcalendarmedal,8
Chuck,8
Militarydiploma,8
Counter Box,8
Automatonwatch,8
Toilet Spoon,8
Weaving Tablet,8
Hair Brush,8
Mementomori,8
Scarab Mould,8
Coin Weight,8
Muzzle,8
Quran Rest,8
Tonkotsu,8
Spacer Plate,7
Brush Holder,7
Hunterwatch,7
Morral,7
Aquamanile,7
Sponge,7
Plait,7
Bundle Wrap,7
Sunshade,7
Printing Stamp,7
Undershirt,7
Funerarywreath,7
Hearth,7
Rosette Mould,7
Post,7
Butter Churn,7
Buildingstructure,7
Baton,7
Perfume Flask,7
Fire Tongs,7
Dance Hat,7
Trunk,7
Horse Cover,7
Frontlet,7
Anchor,7
Anatomicalvotive,7
Amuleticwand,7
Wrist Ornament,7
Feeder,7
Thumb Guard,7
Libation Vase,7
Brick Stamp,7
Liqueur Glass,7
Libation Tank,7
Curvedbackedbladelet,7
Libation Bowl,7
Apostlespoon,7
Umbrella Finial,7
Cigarette,7
Retouchedlevalloispoint,7
Thistlebrooch,7
Eight Daywatch,7
Voucher,7
Lateralburin,7
Leg Band,7
Lekane,7
Glasssherd,7
Canoe Fitting,7
Chess Set,7
Candle,7
Tranchetaxe,7
Rule,7
Gu,7
Shoulder Cloth,7
Suspension Ring,7
Fitting Mould,7
Cream Jug,7
Pilgrimtoken,7
Equationtable,7
Schnapps Glass,7
Commemorativescarab,7
Sagebe,7
Measuring Rod,7
Measuring Vessel,7
Pistol,7
Puzzle Jug,7
Key Ring,7
Betel Box,7
Skirtlength,7
Coffee Set,7
Coin Mould,7
Camel Saddle,7
Door Hanging,7
Door Fitting,7
Sun And Moonwatch,7
Crucifixpendant,7
Conebeaker,7
Rein,7
Menuki,7
Ink Box,7
Toilet Bottle,7
Weaving Batten,7
Toilet Case,7
Table Screen,7
Quoit,7
Cosmetic Bottle,7
Staffgod,7
Fishing Kite,7
Piece Mould,7
Violin,7
Wedding Ring,7
Automatonclock,7
Costumeprint,7
Almanac,7
Flesh Hook,7
Vessel Mould,7
Fire Lighter,7
Spokeshave,7
Mustard Pot,7
Gunterquadrant,7
Paintsample,7
Ointment Pot,7
Pad,7
Ornament Mould,7
Advertisement,7
Straight Edge,7
Monumentalcross,7
Bedding Cover,7
Bossedpenannularbrooch,7
Plectrum,7
Bread Basket,7
Book Label,7
Drinking Tube,7
Endscraperonblade,7
Yantra,7
Spear Guard,7
Spit,6
Eye Bead,6
Dessert Plate,6
Pointingbone,6
Wall Ornament,6
Cista Fitting,6
Wrist Band,6
Oil Flask,6
Olla,6
Cosmetic Pot,6
Jewsharp Case,6
Fire Pot,6
Bird Feeder,6
Ceremonialequipment,6
Tooth Stick,6
Stand Fitting,6
Casserole Dish,6
Bellyamphora,6
Cart Fitting,6
Tooth Brush,6
Qumqum,6
Pavement,6
Patch Box,6
Window,6
Greave,6
Grave Marker,6
Ink Bottle,6
Toilet Pot,6
Mummy Portrait,6
Weavingsample,6
Back Pack,6
Salad Server,6
Qalamdan,6
Sweetmeat Tray,6
Divination Board,6
Jitte,6
Diptych Dial,6
Wig,6
Kanga,6
Document Case,6
Halter,6
Tanzaku,6
Chamberlainskey,6
Raft,6
Reaping Hook,6
Chakla,6
Chainmail,6
Chafing Dish,6
Charm Case,6
Razor Case,6
Water Flask,6
Epaulette,6
Smoking Pipe Cleaner,6
Cambu,6
Trencher,6
Knife Case,6
Pulley,6
Cover Plate,6
Backedknife,6
Watering Pot,6
Hand Pin,6
Ink Cake,6
Choker,6
Ikenga,6
Hypocephalus,6
Tobacco Pipe Stopper,6
Sun Hat,6
Cruet Set,6
Screw,6
Drinking Jug,6
Kohl Bottle,6
Camel Whip,6
Ashtray,6
Napkin,6
Coffee Roaster,6
Tattooing Stamp,6
Tattooing Mallet,6
Saddle Cover,6
Phialemesomphalos,6
Wakizashi Sheath,6
Name Dialwatch,6
Cabinet,6
Spoon Tray,6
Printing Matrix,6
Powwowcostume,6
Strap Union,6
Scratcher,6
Bankbook,6
Harvestjug,6
Sabre,6
Tiqa Stick,6
Siphon,6
Wampum,6
Levalloisblade,6
Wine Strainer,6
Currency Bar,6
Posset Pot,6
Brushpen Rest,6
Busticket,6
Burinspall,6
Laurelleafpoint,6
Prayer Board,6
Balustervase,6
Cockspur,6
Hellmoney,6
Bellbeaker,6
Souscriptionwatch,6
Tiara,6
Rice Bowl,6
Cleat,6
Rifle,6
Apothecary Jar,6
Breast Cloth,6
Mandir,6
Tsa Tsa,6
Portableart,6
Bradawl,6
Bracteate,6
Burgonet,6
Leather Knife,6
Storage Bag,6
Shamma,6
Limace,6
Horologicaltoolimplement,6
Ciborium,6
Thatching Needle,6
Textileband,6
Coaster,6
Hiraka,6
Roof Finial,6
Roller Stamp,6
Spear Rest,6
Snow Shoe,6
Adhesivesample,6
Wreath,5
Amulet Box,5
Wrist Chronograph,5
Ship,5
Fluteglass,5
Zoomorphicbrooch,5
Adinkra Stamp,5
Book End,5
Bouquetier,5
Magicaldisc,5
Bread Mould,5
Polyhedraldial,5
Digitalwatch,5
Flax Beater,5
Decimal Dialwatch,5
Husking Tray,5
Horse Brass,5
Tent Band,5
Clothes Box,5
Roof Ornament,5
Money Belt,5
Slicer,5
Fan Tailbrooch,5
Death Mask,5
Lotusbowl,5
Load Carrier,5
Tub,5
Fruit Dish,5
Stretcher,5
Bead Mould,5
Pennant,5
Temple Bell,5
Tea Tray,5
Hearthlining,5
Model Fitting,5
Spacer,5
House,5
Oboe,5
Notchedbladelet,5
Winnowing Tray,5
Football,5
Underdress,5
Book Mount,5
Plank,5
Hasou,5
Chopstick Case,5
Huang,5
Sinew Twister,5
Door Sill,5
Door Knocker,5
Perfume Holder,5
Posset Cup,5
Porringer,5
Pomander,5
Trozella,5
Trowel,5
Funerarycanister,5
Sugoroku,5
Sugar Box,5
Newyear Card,5
Hangingbasket,5
Votivepanel,5
Belum,5
Phalera,5
Perirrhanterion,5
Waist Tie,5
Water Container,5
Parasol,5
Architecturaldrawing,5
Paper Knife,5
Pottersstamp,5
Truncatedbladelet,5
Saddle Cushion,5
Tobacco Pot,5
Tobacco Pipe Case,5
Coin Holder,5
Saddle Blanket,5
Lamp Filler,5
Prawn Trap,5
Pottery Makingequipment,5
Gable,5
Furnishing,5
Filmstill,5
Sleevefastener,5
Bolsal,5
Bolotie,5
Presentationpack,5
Cake Mould,5
Eyeidol,5
Flageolet,5
Taper Holder,5
Railing,5
Chamber Pot,5
Ink Container,5
Ball Stick,5
Handvice,5
Window Grille,5
Cummerbund,5
Dress Panel,5
Calling Card Case,5
Call,5
Kohl Scoop,5
Pricker,5
Unifaciallyworkedpiece,5
Unguent Pot,5
Bojagi,5
Boat Fitting,5
Blindmanswatch,5
Tray Cover,5
Surgicalinstrument,5
Motorcar,5
Baby Feeder,5
Tabularscraper,5
Saggar,5
Flail,5
Cruciformwatch,5
Screwplate,5
Garland,5
Tripod Pitcher,5
Slat,5
Pruning Knife,5
Knuckle Duster,5
Napkin Ring,5
Soulhouse,5
Snuff Inhaler,5
Pilaster Capital,5
Pigment Container,5
Cosmetic Brush,5
Sand Glass,5
Hair Cover,5
Goad,5
Carinatedburin,5
Suspension Plate,5
Scaraboid Mould,5
Girth Strap,5
Gordioncup,5
Tabernacle,5
Jewellery Box,5
Finger Bowl,5
Birdbowl,5
Bird Trap,5
Vessel Case,5
Crestedblade,5
Disc On Bowbrooch,5
Puzzle Tyg,5
Puzzle,5
Marriageequipment,5
Carriageclock,5
Groundstonetool,5
Swizzle Stick,5
Sweetmeat Dish,5
Kapala,5
Cartoon,5
Coretrimmingflake,5
Couch,5
Lozenge Shapedbrooch,5
Drum Stick,5
Spectacles Case,5
Spectacles,5
Spinningequipment,5
Spill Vase,5
Shawl Pin,5
Animalequipment,5
Offeringspoon,5
Aeroplane,5
Wall,5
Thirty Hourclock,5
Alms Bowl,5
Ox Shoe,5
Overdress,5
Oil Bottle,5
Paint Pot,5
Dinos Stand,4
Flesher,4
Floor,4
Flower Basket,4
Ox Trappings,4
Pack Saddle,4
Oil Jar,4
Roach,4
Clog Almanac,4
Sticker,4
Notchedblade,4
Animal Head Dress,4
Dart Case,4
Logboat,4
Bowl Cover,4
Cooking Basket,4
Salt Container,4
Satchel,4
Saucepan,4
Graphometer,4
Paten,4
Pattern,4
Pattern Book,4
Pauldron,4
Quipu,4
Tramticket,4
Dou,4
Spud,4
Suyari,4
Swagger Stick,4
Steelyard Case,4
Display Case,4
Kachina Doll,4
Quarter Strikingclock,4
Carrying Net,4
Maundymoney,4
Measuring Cup,4
Medallion Mould,4
Mastos,4
Pincushion,4
Pitchfork,4
Urinal,4
Kendi,4
Purse Mount,4
Puzzle Ring,4
Pyramid Casing,4
Divination Figure,4
Divination Rubber,4
Disc Dial,4
Cricket Cage,4
Bird Call,4
Mattock,4
Squatjar,4
Fire Dog,4
Jinbaori,4
Musket,4
Cosmetic Jar,4
Cosmetic Set,4
Swordpommel,4
Gunnerslevel,4
Graffito,4
Knife Dagger,4
Canopy,4
Tranchetaxeflake,4
Carinatedscraper,4
Candelon,4
Calyx Cup,4
Scimitar,4
Scourer,4
Fan Holder,4
Castingwaste,4
Cosmetic Container,4
Cosmetic Dish,4
Dog Harness,4
Stair Riser,4
Standingstone,4
Fishing Net Weight,4
Jardiniere,4
Inking Chronographwatch,4
Pike,4
Pilgrimbell,4
Camel Cover,4
Camel Harness,4
Kogai,4
Skullwatch,4
Screwdriver,4
Crupper,4
Flaker,4
Comicbook,4
Compasses,4
Fishing Rod,4
Cooking Stone,4
Naginata,4
Baby Rattle,4
Musicalinstrument Bow,4
Metate,4
Violin Bow,4
Biberon,4
Crotal,4
Crown,4
Crucifixdial,4
Sundialwatch,4
Vajra,4
Blank,4
Body Stamp,4
Uprightingtool,4
Makala,4
Press Cutting,4
Calender,4
Trident,4
Lamp Hook,4
Trisula,4
Seal Drag,4
Neck Rest,4
Window Frame,4
Nef,4
Ballistabolt,4
Charger,4
Ragdoll,4
Railwayticket,4
Rain Hat,4
Chamfrain,4
Tasset,4
Hand Adze,4
Five Minute Repeatingwatch,4
Face Guard,4
Facsimile,4
Scourge,4
Scouring Brush,4
Cage,4
Burinonabackedblade,4
Blow Tube,4
Fetter,4
Fez,4
Ear Ring Mould,4
Cutlass,4
Streamer,4
Cross Bowbrooch,4
Gable Mask,4
Gaff,4
Gaiter,4
Game Stick,4
Eating Bowl,4
Pourer,4
Laver,4
Hangingflower Vase,4
Coinbrooch,4
Tea Packet,4
Coffer,4
Incense Tongs,4
Incense Vase,4
Tobacco Case,4
Tobacco Jar,4
Refreshment Ticket,4
Imborivungu,4
Hand Warmer,4
Trulla,4
Truncatedbackedblade,4
Pot Pourri Vase,4
Burner,4
Burnous,4
Butter Dish,4
Breeches,4
Cylcon,4
Daitsukichoukeiko,4
Curvedbackedblade,4
Wine Taster,4
Water Dropper,4
Mortuarysword,4
Mosaicfloor,4
Penknife,4
Headkantharos,4
Churn,4
Miraculousmedal,4
Photocopy,4
Hat Stand,4
Parure,4
Netting Shuttle,4
Night Light,4
Li,4
Libation Cup,4
Brassiere,4
Truncheon,4
Warping Frame,4
Mola,4
Fire Stone,4
Chima,4
Chin Chain,4
Reproduction,4
Chous,4
Penis Ornament,4
Bandage,4
Mandolin,4
Plant Pot,4
Umiak,4
Undergarment,4
Magatama,4
Sharecertificate,4
Foot Rest,4
Noose,4
Nose Pin,4
Cigarette Card,4
Three Sidedprism,4
Slidetongs,4
Slip,4
Milk Container,4
Door Jamb,4
Head Flattener,4
Wandering Hourwatch,4
String Winder,4
Fuddlingcup,4
Fuelsample,4
Tumbler,4
Little Mastercup,4
Liddedbowl,4
Bridle Bit,4
Box Weight,4
Pointer,4
Debitcard,4
Beating Board,4
Wall Nail,4
Hip Wrapper,4
Clothing,4
Temple Vase,4
Rickshaw,4
Riding Boot,4
Clich,4
Foldingstool,4
Storyboard,4
Poker,4
Book Clasp,4
Pocket,4
Dripping Bowl,4
Shorts,4
Shortsword,4
Ahuayo,4
Altar Vessel,4
Altar Cloth,4
Panathenaicamphora,4
Smokingequipment,4
Smoking Pipe Holder,4
Palimpsest,4
Acousticjar,3
Writing Set,3
Writing Case,3
Paint Stone,3
Desk Ornament,3
Dessert Basket,3
Dessert Dish,3
Didjeridu,3
Exercise Club,3
Eye Cover,3
Accounts Book,3
Agriculturalequipment,3
Yarn Winder,3
Offset,3
Wine Vessel,3
Decoratedshell,3
Dala,3
Dance Board,3
Food Grinder,3
Flybrooch,3
Bracketclock,3
Branding Iron,3
Linga,3
Brush Shaper,3
Mandala,3
Mangling Board,3
Playbill,3
Uncu,3
Underbelt,3
Playing Card Case,3
Breast Band,3
Tula,3
Turban Ornament,3
Lime Box,3
Bowl Stand,3
Boxbrooch,3
Butter Pot,3
Butter Vessel,3
Byblospoint,3
Preform,3
Bolster Cover,3
Blunderbuss,3
Ear Stick,3
Ear Weight,3
Burette,3
Lanyard,3
Ladder,3
Leg Warmer,3
Leysjar,3
Lebes,3
Burial Chest,3
Brigandine,3
Fingerpot,3
Komochitsubo,3
Koto,3
Priming Flask,3
Printing Board,3
Trefoil Mouthoinochoe,3
Bogbody,3
Unguent Vase,3
Uniserialbarbedpoint,3
Pivotfile,3
Lacingring,3
Trinket Box,3
Drawplate,3
Dress Stud,3
Prayer Stick,3
Prayer Wheel,3
Kabuto,3
Qadus,3
Quatrefoilbrooch,3
Mazerbowl,3
Pillardial,3
Marking Tool,3
Kava Bowl,3
Key Finger Ring,3
Punt Pole,3
Kantha,3
Pumice Stone,3
Transporttoken,3
Travellerscheque,3
Cake Stand,3
Pubic Cover,3
Finger Nail Guard,3
Tomb,3
Memorialtablet,3
Match Box,3
Quirt,3
Tool Box,3
Tooth Pick,3
Top Hat,3
Torch Holder,3
Tournette,3
Cartridge Case,3
Double Dialwatch,3
Drain Pipe,3
Spy Glass,3
Kashkul,3
Kaskara,3
Kataginu,3
Champagne Glass,3
Token Mould,3
Tomahawk,3
Milagro,3
Photography,3
Photomontage,3
Phylactery,3
Picture Frame,3
Viol,3
Medicine Box,3
Membership Card,3
Catch,3
Quran Bag,3
Rack,3
Jar Label,3
Jarlet,3
Chunali,3
Churning Stick,3
Squid Lure,3
Domino Set,3
Door Handle,3
Benchvice,3
Visor,3
Votivetank,3
Tobacco Pipe Pin,3
Ikupasuy,3
Ramrod,3
Charm Holder,3
Chatelaine Watch,3
Reaping Implement,3
Incense Altar,3
Incense Bowl,3
Revetmentplaque,3
Thymiaterion,3
Tie Pin,3
Throwing Spear,3
Smock,3
Electrotype,3
Milk Bowl,3
Millstone,3
Beer Pot,3
Waist Clasp,3
Do,3
Firewood,3
Retort,3
Tippet,3
Title Page,3
Tobacco Basket,3
Rockart,3
Terrestrialglobe,3
Tether,3
Cista,3
Monstrance,3
Mirror Stand,3
Bedsheet,3
Beer Bottle,3
Fangyi,3
Horaryquadrant,3
Horn Book,3
Horologicalgauge,3
Horse Blanket,3
Clarinet,3
Horse Shoe,3
Hour Strikingwatch,3
Head Dress Ornament,3
Head Ring,3
Head Tie,3
Pepper Pot,3
Bat,3
Beard,3
Perfume Jar,3
Moderncartoon,3
Rolling Board,3
Roof Prop,3
Clothes Rack,3
Tent Hanging,3
Climbing Ring,3
Thimble Holder,3
Ring Watch,3
Hoop,3
Rush Light Holder,3
Sabot,3
Tea Cosy,3
Coin Box,3
Coin Sword,3
Tea Spoon,3
Pencil,3
Bandana,3
Banjo,3
Water Carrier,3
Penis Ring,3
Moon Flask,3
Tent Pole,3
Tea Whisk,3
Telephonetoken,3
Coffee Percolator,3
Component,3
Conicalcup,3
Water Sprinkler,3
Backgammon Board,3
Baguettedemi Ronde,3
Bakhnuq,3
Balance Weight,3
Balsamarium,3
Water Pourer,3
Mouse Trap,3
Collectorstoken,3
Tattooingequipment,3
Tea Brick,3
Haori,3
Sacredbundle,3
Sacrificialknife,3
Sign Board,3
Copy,3
Tang,3
Table Mat,3
Weapon Mould,3
Weaving Peg,3
Weaving Stick,3
Wedding Knife,3
Mummy Packing,3
Container Fitting,3
Tap,3
Tapestry Needle,3
Tapping Implement,3
Hand Bell,3
Comb Case,3
Compartmentedstamp Seal,3
Sweetmeat Stand,3
Sword Rack,3
Scaphe Dial,3
Passport,3
Astronomicalwatch,3
Automaton,3
Whip Sling,3
Table Knife,3
Sandpaper,3
Grid,3
Griddle,3
Cotton Bow,3
Cotton Gin,3
Corn Dolly,3
Coronet,3
Convexpyxis,3
Suspension Buckle,3
Suspension Element,3
Scissors Case,3
Epitaphplaque,3
Arrow Case,3
Astragalus,3
Wig Pin,3
Winder,3
Divination Staff,3
Discbead,3
Shuttlecock,3
Glaive,3
Counterpoise Menat,3
Coup Stick,3
Sutra Wrapper,3
Sweet Dish,3
Crook,3
Cuisse,3
Culinaryequipment,3
Cup Holder,3
Cupping Glass,3
Cupping Horn,3
Nikosthenicpyxis,3
Armbrustbrooch,3
Armillarysphere,3
Neck Tie,3
Face Cover,3
Falling Globeclock,3
Ginger Jar,3
Scroll Weight,3
Crutch,3
Crystalball,3
Sewing Kit,3
Fruit Basket,3
Fruit Bowl,3
Funerarybed,3
Cutlery Case,3
Paper Sheet,3
Paper Weight,3
Parabaik,3
Ara,3
Arkillakerka,3
Wine Ewer,3
Netbag,3
Suiteki,3
Seam Smoother,3
Furnace,3
Cutlass Sheath,3
Shabti Mould,3
Shampoosample,3
Shamshir,3
Dance Knife,3
Food Trough,3
Shaving Bowl,3
Animalvegetalremains,3
Wool Weight,3
Work Basket,3
Noveltywatch,3
Nozzle,3
Nomolifigure,3
Nose Clip,3
Nose Plug,3
Nosedendscraper,3
Serving Spoon,3
Oracle Set,3
Amulet Seal,3
Offering Tray,3
Snaffle,3
Snare,3
Stilt,3
Stocking,3
Shoe Horn,3
Paddledoll,3
Pail,3
Paint Grinder,3
Ammunition Pouch,3
Aigrette,3
Almilla,3
Floor Beater,3
Food Pounder,3
Lopas,3
Poisingtool,3
Pole Arm,3
Polycandelon,3
Magicalbrick,3
Book Mark,3
Spear Sheath,3
Spice Jar,3
Sleeve Weight,3
Loutrophoros,3
Lunch Box,3
Lungi,3
Zarf,3
Yurt,3
One Handler,3
Oracle Bone,3
Abayah,2
Wire Gauge,2
Opiumequipment,2
Zischagge,2
Alarm Mechanism,2
Wrapping Paper,2
Apothecary Weight,2
Antlerbonechisel,2
Angon,2
Winnower,2
Paduka,2
Pachisipiece,2
Ossuary,2
Orange Tub,2
Oracle Shell,2
Pachisi,2
Arm Press,2
Arm Cuff,2
Window Pane,2
Winding Frame,2
Wheel Cutter,2
Well Head,2
Auger,2
Astronomicaldial,2
Astronomersclock,2
Wedding Veil,2
Wedding Dress,2
Offcut,2
Paint Tin,2
Oil Press,2
Wedding Chest,2
Waywiser,2
Back Plate,2
Bagbeaker,2
Badge Mould,2
Wayangklitik,2
Water Storage Vessel,2
Water Jar Stand,2
Balangandam,2
Baking Tray,2
Baji,2
Bait,2
Water Filter,2
Pantaloons,2
Pannier,2
Nose Stud,2
Norigae,2
Notice Board,2
Offering Cup,2
Water Bowl,2
Barge,2
Baren,2
Watch Chainpendant,2
Washing Bowl,2
Washer,2
Bean Pot,2
Battery,2
Bath Tub,2
Neck Piece,2
Nargileh,2
Naos,2
Nightclock,2
Nielloprint,2
Nielloplate,2
Nicotine Flask,2
Bedwarmer,2
Waist Ring,2
Waist Pendant,2
Belemnite,2
Beer Vessel,2
Beer Mug,2
Beer Jug,2
Beer Container,2
Wagon,2
Pediment,2
Musket Ball,2
Bench,2
Bellsitula,2
Bifaciallyretouchedblade,2
Bident,2
Bevelbasedpoint,2
Betel Stand,2
Vinaigrette,2
Videocassette,2
Birdbrooch,2
Bill Head,2
Pegall,2
Pedometer,2
Vessel Carrier,2
Verticaldial,2
Vegetable Dish,2
Varnishsample,2
Bloomers,2
Blinker,2
Vacuum Flask,2
Urine Pipe,2
Unifacialleafpoint,2
Bodychain,2
Boning Rod,2
Unguent Jar,2
Bookmark,2
Bouquet,2
Boundary Marker,2
Bottlejack,2
Boshanlu,2
Performancearts,2
Mortar Spreader,2
Morse,2
Morion,2
Moonjar,2
Monumentalstone,2
Penannularring,2
Pen Tray,2
Uchikake,2
Twister,2
Bowl Mould,2
Bowl Fitting,2
Turban Hook,2
Tunjo,2
Mobilephonecover,2
Mitten,2
Mitre Pendant,2
Monkey Scare,2
Money Pouch,2
Molcajete,2
Modifiedpebble,2
Perfume Vase,2
Bread Punch,2
Bracteatependant,2
Bridalhead Dress,2
Buildingstone,2
Bugle,2
Burial Chamber,2
Cake Stamp,2
Cake Plate,2
Button Holewatch,2
Phylactery Pouch,2
Message,2
Tripodpyxis,2
Calligraphytoolimplement,2
Calligraphy Board,2
Calipers,2
Calendar Stick,2
Calculator,2
Camel Bridle,2
Calumet,2
Trefoilbrooch,2
Canopiccoffin,2
Carillonclock,2
Carder,2
Carbine,2
Pig Trap,2
Pig Rope,2
Pierceronbackedbladebladelet,2
Memorialpost,2
Membership Ticket,2
Train,2
Carrier,2
Casestake,2
Carving Knife,2
Cartridge,2
Tourbillonwatch,2
Torahshield,2
Torahpointer,2
Topknot,2
Tooth Pick Holder,2
Caudle Cup,2
Cattle Whip,2
Pillow Cover,2
Pillarclock,2
Pill Box,2
Medicalinstrument,2
Meat Jar,2
Matrix,2
Casselcup,2
Toolimplement Holder,2
Centre Piece,2
Celestialglobe,2
Ceiling,2
Caulking Tool,2
Cauldron Fitting,2
Champagne Cup,2
Chart,2
Charm Necklace,2
Chariot,2
Chaps,2
Tobyjug,2
Tobacco Holder,2
Place Mat,2
Pivotburnisher,2
Masquerade Head Dress,2
Mask Mould,2
Maru Obi,2
Child Carrier,2
Cheque Book,2
Cheese Press,2
Time Beater,2
Chopping Knife,2
Chopping Board,2
Chocolate Pot,2
Chime,2
Choukeiko,2
Chopstick Rest,2
Tigersclaw,2
Ticket Clock,2
Mandrel,2
Mainspring Winder,2
Mahjong Set,2
Manuport,2
Mantilla,2
Thurible,2
Thumbpot,2
Thumb Screw,2
Cider Jug,2
Chytra,2
Circumferentor,2
Circumcision Knife,2
Circularendscraper,2
Plemochoe,2
Magicalmedallion,2
Machete,2
Platebrooch,2
Cigarette Packet,2
Throw,2
Threshing Stick,2
Thread Puller,2
Textilecrafts,2
Clawbeaker,2
Closehelmet,2
Clock Case,2
Clipping,2
Clipbrooch,2
Pointedbasepoint,2
Lorry,2
Loom Pulley,2
Long Durationwatch,2
Lydion,2
Lunarwatch,2
Luggagelabel,2
Cloth Measure,2
Coffee Jug,2
Coffee Grinder,2
Coconut Grater,2
Cocktail Shaker,2
Temple,2
Teaequipment,2
Tea Strainer,2
Coif,2
Lissoirsmoothingtool,2
Lip Plate,2
Coffee Spoon,2
Cointree,2
Commemorativehead,2
Combmorion,2
Target,2
Tape,2
Cong,2
Condiment Dish,2
Conch,2
Concavepyxis,2
Comtoiseclock,2
Compressor,2
Compoundmicroscope,2
Postalorder,2
Lei,2
Leg Cloth,2
Leather Stamp,2
Libation Jug,2
Lian,2
Lever,2
Popejoanboard,2
Tabot,2
Corbel,2
Coracle,2
Coping,2
Cooking Stand,2
Cooking Pan,2
Corslet,2
Lasso,2
Larin,2
Prayer Book,2
Pou,2
Pot Hook,2
Pot Cover,2
Swordsling,2
Cosmetic Pestle,2
Cosmetic Flask,2
Cosmetic Bowl,2
Coveredcup,2
Counterpane,2
Cradle Cloth,2
Sweetmeat Glass,2
Swastikabrooch,2
Survey Set,2
Presentation Box,2
Prayer Flag,2
Prayer Carpet,2
Lamp Ornament,2
Lagena,2
Lead,2
Surf Board,2
Supporting Armbrooch,2
Crusie,2
Crusher,2
Cruse,2
Cruet Stand,2
Sugar Shaker,2
Sugar Jar,2
Sugar Basin,2
Stupa Finial,2
Cupel,2
Cupboard,2
Culinary Mould,2
Printing Pattern,2
Koro,2
Lace Tag,2
Lace Pin,2
Lace Pillow,2
Kyathos,2
Cutlery,2
Curry Comb,2
Dagger Axe,2
Cutlery Rest,2
Decoratedgourd,2
Decimaltoken,2
Dead Eye,2
Date Flask,2
Still,2
Kiln Support,2
Propeller,2
Prong,2
Knout,2
Knife Spoon,2
Prochoos,2
Printingequipment,2
Stiletto,2
Diary,2
Dessert Tray,2
Stemmedbeaker,2
Stemlesscup,2
Steeple Cup,2
Steaming Basket,2
Discus,2
Divination Box,2
Dividers,2
Dish Warmer,2
Starwheel,2
Kernos,2
Knife Sharpener,2
Document Chest,2
Squeezer,2
Spur Guard,2
Dowry Box,2
Doublestandingcup,2
Dotaku,2
Spring Drivenclock,2
Sprayskirt,2
Spoon Rack,2
Drill Holder,2
Dressfastener,2
Drawing Board,2
Splitter,2
Splitbasepoint,2
Jump Hourwatch,2
Karttrika,2
Kanamono,2
Kalpis,2
Split Secondschronograph,2
Spinning Wheel,2
Drugsample,2
Drug Jar,2
Drug Bottle,2
Dropper,2
Ear Pendant,2
Jam Pot,2
Rabob,2
Jia,2
Jerkin,2
Dye Container,2
Dye Applicator,2
Dumb Repeatingwatch,2
Drum Stand,2
Drum Slab,2
Spear Straightener,2
Eating Stick,2
Spanishmorion,2
Spadedrillbit,2
Sower,2
Soup Tureen,2
Soup Spoon,2
Electricclock,2
Soul Catcher,2
Socket,2
Radio,2
Japanesewatch,2
Japaneseclock,2
Jam Spoon,2
Snuff Rasp,2
Snuff Grater,2
Equestrianequipment,2
Epistomium,2
Eye Bowl,2
Eye Bath,2
Extra Illustratedbook,2
Snow Spectacles,2
Fan Case,2
Falchion,2
Ink Screen,2
Ingotdroplet,2
Incision Plate,2
Incense Vessel,2
Rainwater Spout,2
Railingpillar,2
Fangding,2
Fire Blower,2
Fire Basket,2
Finger Press,2
Fire Plough,2
Fire Holder,2
Fire Grate,2
Ski Stick,2
Skeletonclock,2
Sitar,2
Fish Needle,2
Fish Hook Case,2
Fish Gorge,2
Firework,2
Regulator,2
Reeler,2
Reckoningcounter,2
Incense Shovel,2
Incense Boat,2
Rebec,2
Fishing Bait,2
Fish Scoop,2
Flabellum,2
Shroud Weight,2
Shredder,2
Float Plug,2
Flip Flop,2
Foldingfork,2
Folder,2
Fob Watch,2
Inau,2
Imitation,2
Ice Pail,2
Shopping Basket,2
Shop Sign,2
Shofar,2
Shoe Cover,2
Food Stirrer,2
Food Label,2
Foldingsquare,2
Shell Ring Money,2
Shelf,2
Foreignexchangecertificate,2
Foot Wear,2
Foot Scraper,2
Foot Rasp,2
Shabti Jar,2
Retouchedlevalloisflake,2
Hsun Gwet,2
Hunting Horn,2
Sextant,2
Frock,2
Frieze Brick,2
Fuchi Kashira,2
Fruit Knife,2
Sewingmachine,2
Serving Fork,2
Sedan Chairwatch,2
Furisode,2
Seat Cover,2
Ring Stand,2
Riding Crop,2
Horse Bell,2
Horologicalsector,2
Horologicalpolishingtool,2
Ridge Pole,2
Rickshaw Panel,2
Seal Hook,2
Game Box,2
Scrubbing Brush,2
Scrubber,2
Screwclamp,2
Ge,2
Hermeticwatch,2
Herm,2
Hookah Case,2
Homongi,2
Holywater Vessel,2
Holywater Pot,2
Glass Cooler,2
Gorytus,2
Goat Bell,2
Schnabelbrooch,2
Scenery,2
Grave Post,2
Grain Sieve,2
Guard,2
Guang,2
Gunpowdersample,2
Gunnerscompasses,2
Rosewater Sprinkler,2
Hobnail,2
Hobby Horse,2
Hexaptychprint,2
Samplebook,2
Gwanbok,2
Safety Pin,2
Hawk Bell,2
Hatbutton,2
Hasp,2
Head Rope,2
Head Gear,2
Helwanpoint,2
Heater,2
Amphora Cover,2
Ammunition Belt,2
Altartusk,2
Yataghan,2
Amulet Ring,2
Ox Cover,2
Overcoat,2
Yamstick,2
Aerophone,2
Yo Yo,1
Abacus,1
Acrocup,1
Adze Polisher,1
Adze Sharpener,1
Afena,1
Xuanji,1
Year Goingclock,1
Acornlekythos,1
Overall,1
Overgown,1
Overskirt,1
Owljug,1
Amphora Stand,1
Amulet Belt,1
Angavastrum,1
Winnowing Fan,1
Winnowing Basket,1
Paduk Board,1
Pack,1
Organ,1
Yard Of Ale Glass,1
Opium Spoon,1
Opium Pipe Cleaner,1
Opium Box,1
Omphalos,1
Pachedi,1
Pa,1
Wineskin,1
Wine Ladle,1
Wine Jug,1
Saddle Rope,1
Saddle Plate,1
Sabre Sheath,1
Harpoon Gaff,1
Hanukahlamp,1
Hangingclock,1
Hat Cover,1
Harrow,1
Harquebusierspot,1
Sabaton,1
Runner,1
Rummer,1
Rum Decanter,1
Ruff,1
Rucksack,1
Head Stick,1
Salt Jar,1
Sallet,1
Salad Dish,1
Sailingboat,1
Sagyusam,1
Hand Grenade,1
Halfroundfile,1
Hair Tube,1
Handcuff,1
Handbalance,1
Hand Screen,1
Hand Mortar,1
Hand Lamp,1
Hand Guard,1
Safety Pinbrooch,1
Saddle Steel,1
Hip Bath,1
Hieroglyph Mould,1
Saron,1
Sanzufu,1
Sanjhi,1
Sand Sprinkler,1
Sand Shaker,1
Sand Holder,1
Sanctuary Lamp,1
Hair Pad,1
Hair Net,1
Hair Cutter,1
Hacha,1
Habaki,1
Gusset,1
Gunwalespike,1
Gunpowder Scoop,1
Gunpowder Box,1
Gunnerskey,1
Gunnerscalipers,1
Gun Rest,1
Gulpash,1
Rouge,1
Rotarywatch,1
Rosettebrooch,1
Rosettebowl,1
Rosettebadge,1
Ropemaker,1
Ropeladder,1
Hod,1
Hitatare,1
Hipposandal,1
Grease Pot,1
Gravy Pot,1
Graver,1
Grave Cover,1
Grating,1
Grande Sonnerieclock,1
Gramophonerecord,1
Savingsclock,1
Sauceboat Stand,1
Saron Beater,1
Gugunbok,1
Guglet,1
Guarantee,1
Grommet,1
Grinding Wheel,1
Gridiron,1
Holywater Sprinkler,1
Goastone,1
Go Board,1
Gittern,1
Gisarme,1
Girdle Fastener,1
Grain Kiln,1
Grain Basket,1
Grader,1
Gong Stand,1
Gong Beater,1
Scent Fountain,1
Scarificator,1
Scalpelhandle,1
Scalenebladelet,1
Greatbascinet,1
Gate,1
Garden Seat,1
Gandourah,1
Screw Polisher,1
Screw Cutter,1
Scrap,1
Sconce,1
Hera Cup,1
Roof Brick,1
Rodillera,1
Rockingchair,1
Rockgong,1
Rocker,1
Roach Spreader,1
Hongbao,1
Holywater Vase,1
Seal Lock,1
Seal Indicator,1
Seal Case,1
Gamessportingequipment,1
Gadus,1
G Clamp,1
Futon Cover,1
Scroll Stand,1
Scrimshaw,1
Scribalinstrument Case,1
Screwheadtool,1
Screwextractingtool,1
Gauge,1
Gau,1
Gateway,1
Gate Post,1
Fuseeengine,1
Fusee Cuttingengine,1
Fusee Adjustingrod,1
Furnace Stone,1
Hodometer,1
Ritualjade,1
Ritualflail,1
Ringaryballos,1
Ring Gold,1
Horse Armour,1
Horse And Riderbrooch,1
Horologicalburnisher,1
Rice Paddle,1
Seam Creaser,1
Sealburse,1
Seal Pendant,1
Fourteen Dayclock,1
Fountain Jet,1
Foundation Stone,1
Formclock,1
Forkedbasepoint,1
Fuming Pot,1
Fumigator,1
Fumigantjar,1
Fultonturkeytailpoint,1
Fu,1
Sewing Box,1
Sermon Timer,1
Semi Cylindricalbrooch,1
Seed Grinder,1
Sedan Chairclock,1
Fuseenotchingtool,1
Shaker,1
Rice Bin,1
Rice Barn,1
Retouchedbladelet,1
Hta Mein,1
Housecoat,1
Horshampoint,1
Horsebrooch,1
Husker,1
Hurricane Lamp,1
Hunting Net,1
Hunting Knife,1
Hunting Calendar,1
Humming Top,1
Frog Call,1
Fridge Magnet,1
Shirazaya,1
Shin Guard,1
Shield Strengthener,1
Food Scoop,1
Food Safe,1
Food Guard,1
Font,1
Shelter,1
Shell Disc,1
Shelfclock,1
Sheep Shears,1
Shark Rattle,1
Footstool Cover,1
Footstool,1
Foot Ornament,1
Shamsa,1
Fob Seal,1
Fob Ring,1
Hub,1
Repeating Mechanism,1
Reneti,1
Remittancenote,1
Reliquary Case,1
Relic Cloth,1
Relic,1
Reindeer Harness,1
Ideograph,1
Icon Pendant,1
Hypocaust Tile,1
Hydraulicequipment,1
Reindeer Bridle,1
Flower Pot Holder,1
Fishing Noose,1
Fishing Line Holder,1
Fishing Boat,1
Fish Sieve,1
Flatfile,1
Flange,1
Fixturefitting,1
Shuttle Case,1
Shrine Cloth,1
Shoulder Piece,1
Shot,1
Floor Cover,1
Flenching Toolimplement,1
Fleam,1
Flea Trap,1
Flaying Knife,1
Fish Bowl,1
Fire Stick Case,1
Rein Holder,1
Regalia,1
Refractingtelescope,1
Reflector,1
Rectilineardial,1
Rectalspeculum,1
Incense Toolimplement,1
Incense Spoon,1
Incense Jar,1
Incense Burner Stand,1
Singlestick,1
Silpae,1
Silapaaq,1
Sieve Holder,1
Fire Cover,1
Fire Brick,1
Fire Box,1
Fire Bowl,1
Finger Guard,1
Fire Shovel,1
Fire Saw,1
Fire Jar,1
Fire Hook,1
Fire Grid,1
Skimmer,1
Skidoo,1
Skeiner,1
Skein Winder,1
Six Hour Dialwatch,1
Fish Hook Blank,1
Small Longbrooch,1
Slide Rest,1
Slenthem Beater,1
Ferryticket,1
Fence,1
Feather Holder,1
Feather Case,1
Fauchard,1
Fascine,1
Filingsystem,1
Figurevessel,1
Fighting Stick,1
Fieldflask,1
Sleeping Bag,1
Sledge Hammer,1
Skull Rack,1
Snake Trap,1
Smoking Pipe Tamper,1
Smoking Pipe Cover,1
Falcon Whistle,1
Fake,1
Smoking Pipe Box,1
Rebab Bow,1
Rebab,1
Rationticket,1
Ratchetcuttingengine,1
Ink Pad,1
Incliningdial,1
Inclined Planeclock,1
Incenseequipment,1
Ramdao,1
Railwayspike,1
Snuffequipment,1
Snuff Vessel,1
Snuff Jar,1
Snuff Grinder,1
Equationclock,1
Endscraperonretouchedflake,1
Endscraperonretouchedblade,1
Eye Glass,1
Extractor,1
Eucharisticspoon,1
Eucharisticreed,1
Eucharisticcake,1
Etchingtool,1
Esabar,1
Eroticwatch,1
Snarlingiron,1
Eel Trap,1
Eel Fork,1
Solar Siderealwatch,1
Soapsample,1
Radio Case,1
Irrigationequipment,1
Iron Stand,1
Invoice,1
Instrument,1
Insect Cage,1
Inksample,1
Ink Stick,1
Jelly Glass,1
Jar Stand,1
Jangot,1
Jambiyya,1
Quatrefoil,1
Quarter Repeatingclock,1
Quaich,1
Dummywatch,1
Duckaskos,1
Spill,1
Spear Gun,1
Easel,1
Ear Reel,1
Ear Pick,1
Spats,1
Spatha,1
Elephant Goad,1
Election Plate,1
Egg Stand,1
Egg Drainer,1
Spinning Bowl,1
Drum Beater,1
Ear Muff,1
Ear Flap,1
Ear Drop,1
Ear Cleaner,1
Dyeing Frame,1
Jacottool,1
Quranpointer,1
Quiver Stand,1
Quilt Cover,1
Jezail,1
Jewellery Makingequipment,1
Jewel Gauge,1
Jestersstaff,1
Jerichopoint,1
Drawingbook,1
Drawing Set,1
Qilich,1
Kalat,1
Kaftan,1
Kabin,1
Jumonjiyari,1
Joggi,1
Jiuling Set,1
Kataguchi,1
Kantharoidcup,1
Kaleidoscope,1
Puzzle Pot,1
Puttee,1
Spinning Toolimplement,1
Spinning Frame,1
Squirrel Trap,1
Sprossenbrooch,1
Draughts Board,1
Dragonesquebrooch,1
Doubleteapot,1
Doublesitula,1
Doublekey,1
Doubleendscraper,1
Double Dialclock,1
Springbalance,1
Spring Reel,1
Spoon Warmer,1
Spoon Mould,1
Spoon Holder,1
Spoon Case,1
Spontoon,1
Dome Slab,1
Dome,1
Dolphinbrooch,1
Dolium,1
Dog Cover,1
Dog Collar,1
Divination Stone,1
Door Post,1
Door Plate,1
Door Mat,1
Door Hinge,1
Door Frame,1
Domino Box,1
Domino,1
Sruva,1
Squirt Ring,1
Stamp Cylinderseal,1
Stall Plate,1
Puppet Kit,1
Punch Set,1
Punch Pot,1
Kilim,1
Kilij,1
Ki Uso,1
Khanjar,1
Kettlehat,1
Kettledrum,1
Kava Cup,1
Knife Scraper,1
Knife Rest,1
Kneebrooch,1
Knee Ring,1
Dice Shaker,1
Dicast Ticket,1
Dessert Spoon,1
Dessert Knife,1
Deskdiary,1
Desk,1
Dipa Lakshmi,1
Dildo,1
Digging Scoop,1
Dish Holder,1
Divination Ruler,1
Divination Artefact,1
Distaff Holder,1
Display Board,1
Dish Stand,1
Standclock,1
Decoratedpaper,1
Deckwatch,1
Stone Chisel,1
Stirrupjug,1
Stirrupcup,1
Knapsack,1
King List,1
Kilndebris,1
Pseudo Penannularbrooch,1
Pseudo Coinbrooch,1
Proefericulum,1
Kohl Box,1
Kohl,1
Knitting Needle,1
Step Ladder,1
Step,1
Currency Mould,1
Curb Bit,1
Cuptypec,1
Dachibin,1
Dabber,1
D Ring,1
Cylindergauge,1
Cutlery Sharpener,1
Story Knife,1
Storage Jarrn,1
Stopcock,1
Dance Wand,1
Dance Mat,1
Dance Manta,1
Dance Cape,1
Dance Cap,1
Strop,1
Stringofcash,1
Strikingwatch,1
Straw Splitter,1
Printing Frame,1
Kotyliskos,1
Kothon,1
Kote,1
Kosherseal,1
Komon,1
Kokyu,1
Kojiri,1
Laceequipment,1
Kursi,1
Strap Fitting Blank,1
Curvedendedblade,1
Latchet,1
Sun Screen,1
Crucifixclock,1
Crossingfile,1
Crossbar,1
Cross Bowfitting,1
Crochet Needle,1
Cuauhxicalli,1
Sugar Tongs,1
Sugar Hammer,1
Subscription Ticket,1
Stump Cover,1
Cupping Vessel,1
Cup Cover,1
Cup Case,1
Culet,1
Sutra Tray,1
Sutra Holder,1
Sutra,1
Suspension Mount,1
Surveyinstrument,1
Survey Protractor,1
Surgicalknife,1
Kundika,1
Kukri,1
Prayer Stone,1
Prayer Shawl,1
Prayer Scroll,1
Prayer Cloth,1
Latrine,1
Lathecarrier,1
Lateraldoublebevelbasepoint,1
Cot,1
Cosmeticsample,1
Crab Fork,1
Cowcreamer,1
Countingboard,1
Countersinkdrillbit,1
Crestedflake,1
Creel,1
Creditnote,1
Creampot,1
Cream Boat,1
Crampon,1
Cramp,1
Cradle Stand,1
Sweetmeat Box,1
Swatter,1
Pot Carrier,1
Table Lamp,1
Symbolstone,1
Syllabub Glass,1
Swordscabbardfitting,1
Swordequipment,1
Cosmetic Palette Cover,1
Cosmetic Case,1
Cosmetic Box Fitting,1
Swordclock,1
Sword Ornament,1
Sword Case,1
Swingtool,1
Swift,1
Sweetmeat Tongs,1
Counter Tray,1
Cosmetic Bag,1
Corset,1
Cornet,1
Corn Bin,1
Cordophone,1
Cordial Glass,1
Table Ornament,1
Latch Key,1
Latch,1
Last,1
Lanx,1
Prayer Cap,1
Prayer Book Case,1
Prawn Basket,1
Powder Box,1
Pot Hanger,1
Contract,1
Contorniate,1
Condiment Stand,1
Computer,1
Tachymeter,1
Tabua,1
Leg Plate,1
Leg Ornament,1
Letter Rack,1
Letter Opener,1
Lepaste,1
Lemon Squeezer,1
Port Glass,1
Polyptych,1
Coprolite,1
Copper,1
Poleyn,1
Pole Cover,1
Pole Axe,1
Tea Spatula,1
Tea Mill,1
Tea Infuser,1
Tea Funnel,1
Taukiwauku,1
Coir Beater,1
Coinstrip,1
Coinplate,1
Coin Watch,1
Communioncup,1
Commemorativeplate,1
Combustionclock,1
Tare,1
Teahouse,1
Coffin Lamp,1
Coffeeequipment,1
Coffee Table,1
Coffee Strainer,1
Lime Vessel,1
Lightingequipment,1
Liding,1
Libation Stand,1
Libation Ladle,1
Livery Pot,1
Liubo Piece,1
Lip Pin,1
Linstock,1
Linguiststaff,1
Polishedaxe,1
Temporal Ring,1
Coat Of Mail,1
Coat Hanger,1
Coat Dress,1
Co Optoken,1
Clothsample,1
Clothes Brush,1
Coffee Pot Burner,1
Coffee Mill,1
Coffee Filter,1
Coffee Cooler,1
Cobbling Equipment,1
Temple Hanging,1
Tema,1
Telephone,1
Teapot Stand,1
Clocking Inclock,1
Clock Key,1
Cloak Pin,1
Cloak Fastener,1
Clip,1
Pointingstick,1
Locket Case,1
Lock Ring,1
Lustre,1
Luncheon Plate,1
Lunarclock,1
Lovestick,1
Poi Ball,1
Podanipter,1
Clinometer,1
Ten Minute Repeatingwatch,1
Cinerarychest,1
Cinerarycasket,1
Cinerarybowl,1
Cincho,1
Cimbataila,1
Throwing Stone,1
Throwing Ring,1
Threshing Fork,1
Threshing Board,1
Threshing Bat,1
Thresher,1
Thread Winder,1
Thong Smoother,1
Thermometer,1
Clepsydra,1
Citole,1
Circus Ticket,1
Circumcisionequipment,1
Circumcision Plate,1
Plungebasket,1
Plume Holder,1
Plume Case,1
Ploughshare,1
Pleating Toolimplement,1
Magnifying Glass,1
Magneticdial,1
Magicsquare,1
Magicalmirror,1
Machete Sheath,1
Lyngbyaxe,1
Plateclock,1
Cintamani,1
Plateau,1
Plaster Smoother,1
Plantationtoken,1
Manga,1
Manacle,1
Mainspringpunch,1
Maraca,1
Manuscript Box,1
Mantelpiece Candlestick,1
Mantel,1
Manioc Sifter,1
Cigarette Lighter,1
Cigar Cutter,1
Cider Glass,1
Cicadabrooch,1
Chuspa,1
Chest Of Drawers,1
Chess Board,1
Cheque Card,1
Cheese Scoop,1
Cheese Knife,1
Cheese Dome,1
Toaster,1
Tiputa,1
Chopping Block,1
Chocolate Box,1
Chinesemarketwatch,1
Chimney Pot,1
Chronometer Key,1
Chronometer,1
Tile Stamp,1
Tile Mould,1
Tobacco Press,1
Planisphere,1
Plaiting Stick,1
Pintle,1
Mat Roller,1
Mastoidcup,1
Martingale,1
Martincampflask,1
Marrow Spoon,1
Marriage Blanket,1
Marker,1
Pinbeater,1
Tobacco Grinder,1
Tobacco Flask,1
Childcareequipment,1
Chestpanel,1
Tool Mould,1
Tool Basket,1
Tool Bag,1
Ceremonialdoll,1
Ceremonialadze,1
Token Matrix,1
Toilet Chest,1
Changgi Set,1
Champagne Flute,1
Chalice Cup,1
Chair Cover,1
Chadar,1
Cheek Ornament,1
Charm Box,1
Charcoal Burner,1
Tocoyal,1
Torpedojar,1
Torahbinder,1
Catscradle,1
Catapult Bolt,1
Castor,1
Pin Case,1
Pilum,1
Pill Slab,1
Pilgrimsouvenir,1
Meat Dish,1
Mead Glass,1
Pilgrimdish,1
Pilgrimcup,1
Pilgrimagerobe,1
Pigtail,1
Toolimplement Case,1
Picket,1
Car Ferry,1
Trade Token,1
Traction Hook,1
Toywatch,1
Toytheatre,1
Cart Cover,1
Carrying Board,1
Carpet Weight,1
Casket Fitting,1
Carving Fork,1
Carver Chair,1
Cartridge Loader,1
Cartridge Holder,1
Cartridge Bag,1
Torture Instrument,1
Cannon Ball,1
Candle Case,1
Candle Bracket,1
Carparktoken,1
Cardcounter,1
Card Cutter,1
Piercingsaw,1
Menu Holder,1
Menu,1
Menpo,1
Memorialboard,1
Medicine Bottle,1
Medicalmedicineequipment,1
Piedfort,1
Picnic Box,1
Pickle Tray,1
Permit,1
Perfumesample,1
Milking Jug,1
Tripod Lebes,1
Tribrach,1
Trestle,1
Calendar Ring,1
Calendar Disc,1
Camphor Stick Holder,1
Camel Bell,1
Treasurynote,1
Treadle,1
Travellingclock,1
Trappings,1
Trapeze,1
Canteentoken,1
Business Card,1
Burinbusque,1
Caddy Spoon,1
Button Mould,1
Butter Knife,1
Phrenologicalskull,1
Milk Bottle,1
Milestone,1
Micrometregauge,1
Microdenticulate,1
Mezuzah,1
Metronome Watch,1
Metronome,1
Metope,1
Mether,1
Personalaccessory,1
Breast Chain,1
Breadboard,1
Brush Container,1
Brush Case,1
Buckle Mould,1
Buckelurne,1
Brush Rest Stand,1
Brush Hanger,1
Truncated Facettedflake,1
Truingcalipers,1
Trueing Tool,1
Bum Bag,1
Bulletcompass,1
Bullet Mould,1
Butter Cooler,1
Butter Boat,1
Turns,1
Boxpliers,1
Boxmedal,1
Bowl Holder,1
Tukada,1
Tui,1
Milking Can,1
Milk Pail,1
Milk Cup,1
Mitra,1
Miscellaneousequipment,1
Mirror Frame,1
Mirror Cover,1
Month Goingclock,1
Tsuta,1
Tsag Li,1
Bottle Ticket,1
Bottle Cover,1
Bottle Cap,1
Bosu,1
Perfume Sprinkler,1
Perforatedbaton,1
Percussionstone,1
Percussionboard,1
Perch,1
Penjing,1
Mortuarycross,1
Moondial,1
Twistdrillbit,1
Tutulusbrooch,1
Turretclock,1
Turnsbow,1
Unrecorded,1
Body Plug,1
Bodkin Case,1
Boat Scraper,1
Boat Fender,1
Book Case,1
Bonang Beater,1
Bonang,1
Bolster,1
Bolimposh,1
Unguent Flask,1
Umbrella Case,1
Uki E,1
Book Rest,1
Boundaryticket,1
Bough Pot,1
Mural,1
Mummyfootcase,1
Mummy Cloth,1
Peg Board,1
Peerman,1
Vervel,1
Vaulting Tube,1
Vase Label,1
Vambrace,1
Valve,1
Valari,1
Blind,1
Bleeding Cup,1
Blanketband,1
Blackjack,1
Utilisedstone,1
Video,1
Vice,1
Biscuit Tin,1
Biscuit Mould,1
Birdstone,1
Bird Pot,1
Bird Net,1
Pen Holder,1
Pen Cutter,1
Mummy Brace,1
Mule Trappings,1
Mule Blanket,1
Muff,1
Motortruck,1
Musicalbox,1
Mushroomstone,1
Passport Holder,1
Votiveflask,1
Volgupoint,1
Visiting Card,1
Betel Container,1
Besague,1
Benchkey,1
Belt Pendant,1
Bellyoke,1
Bier,1
Bidi,1
Bicycle,1
Bevor,1
Betel Pouch,1
Betel Dish,1
Vinegar Bottle,1
Beer Glass,1
Wafering Tongs,1
Wadding,1
Pedestalvessel,1
Pedestaljar,1
Naiskos,1
Nail File,1
Nagajuban,1
Mysteryclock,1
Mustard Shaker,1
Musicalwatch,1
Musicalrocket,1
Musicalinstrument Case,1
Pavise,1
Pattypan,1
Pattern Sheet,1
Wall Lamp,1
Beehive Stand,1
Beehive Cover,1
Bee Lure,1
Bedding,1
Bed Pan,1
Beck Iron,1
Bec,1
Beardedaxe,1
Wall Bracket,1
Waist String,1
Bell Shrine,1
Bell Pull,1
Bell Pendant,1
Bell Holder,1
Beer Trough,1
Beamcompass,1
Bead Grinder,1
Battery Plate,1
Neck Cover,1
Neck Cord,1
Ncessaire,1
Naturallybackedknife,1
Name Bead Mould,1
Needleworkequipment,1
Needle Weight,1
Neckerchief,1
Parade Armour,1
Wallvase,1
Wallpaper,1
Wallmosaic,1
Wall Medallion,1
Watchmainspringgauge,1
Bangle Mould,1
Balustrade,1
Baluster,1
Basin Case,1
Baseballcap,1
Bascinet,1
Barung,1
Barometer,1
Barbedpiece,1
Watch Fob,1
Watch Cover,1
Watch Case Opener,1
Wassail Bowl,1
Warri Board,1
Warming Pan,1
Balancespringblueingtool,1
Baking Cup,1
Papyrus Burnisher,1
Papyrus Binding,1
Nose Cleaner,1
Nose Band,1
Nose Bag,1
Occluder,1
Offering Vase,1
Offering Tank,1
Offering Jar,1
Offering Basket,1
Water Cooler,1
Water Bottle Stand,1
Water Barrel,1
Watchwheelgauge,1
Back Pad,1
Baby Walker,1
Baby Cover,1
Ayaga Pata,1
Bailamphora,1
Backscrubber,1
Backrack,1
Backplate,1
Backgammon Piece,1
Wax Holder,1
Waterclock,1
Water Wheel,1
Water Strainer,1
Water Spray,1
Water Scoop,1
Balancetruingcalipers,1
Astrolabe Case,1
Wedding Cup,1
Pancheon,1
Pall Mall Stick,1
Pall Mall Ball,1
Pall,1
Paintingrn,1
Oliphant,1
Ointment Spoon,1
Oil Vessel,1
Oil Funnel,1
Oil Container,1
Oil Can,1
Paint Roller,1
Paijiu,1
Weatherforecaster,1
Artwritingequipment,1
Artificialhand,1
Artificialegg,1
Arrow Straightener,1
Arrow Stand,1
Arrow Holder,1
Whistle Mould,1
Whisky Decanter,1
Whisk Holder,1
Wheel Barometer,1
Well Winder,1
Weight Box,1
Awl Case,1
Autograph Album,1
Aurignacianblade,1
Astrolabicclock,1
Wine Funnel,1
Arkillakunta,1
Arithmeticaljewel,1
Architrave,1
Apron Tie,1
Armsequipment,1
Armbrustsprossenbrooch,1
Armature,1
Arm Shield,1
Arm Rest,1
Windlass,1
Wind Vane,1
Wig Box,1
Wick Puller,1
Wick Holder,1
Wick,1
Amulet Frame,1
Altar Ring,1
Altar Piece,1
Accessorycup,1
Writing Slope,1
Alms Box,1
Alforja,1
Yuhuchunping,1
World Timewatch,1
World Timeclock,1
Workedantlerfragment,1
Work Shirt,1
Woodenwatch,1
Witch Ball,1
Yan,1
Animal Headbrooch,1
Head Pad,1
Head Guard,1
Helmetmask,1
Helm,1
Hellscroll,1
Heavychalice,1
Healing Plate,1
Headstall,1
Alam,1
Aircraft Chronometer,1
Ammunition Case,1
Altarflower,1
Yashmak,1
Altar Frontal,1
Alphabet,1
Amulet Holder,1
