production date,Cultures/periods,count
-350000.0,Palaeolithic,1
-52400.0,East Greek,1
-42400.0,East Greek,1
-40000.0,Middle Palaeolithic,1
-11000.0,Late Magdalenian,1
-11000.0,Magdalenian,1
-8000.0,Mesolithic,7
-7000.0,Epi-Palaeolithic,5
-6000.0,Chalcolithic,2
-6000.0,Neolithic,3
-6000.0,Pottery Neolithic,2
-5000.0,Chalcolithic,4
-5000.0,Unknown,1
-4000.0,Badarian,1
-3500.0,Chalcolithic,1
-3500.0,Hongshan Culture,3
-3500.0,Naqada I,1
-3500.0,Neolithic,1
-3400.0,Late Predynastic,1
-3300.0,Naqada Ii,1
-3300.0,Predynastic,2
-3200.0,Late Predynastic,1
-3100.0,Late Uruk,1
-3100.0,Naqada Iii,1
-3050.0,1St Dynasty,1
-3000.0,1St Dynasty,1
-3000.0,Early Bronze Age,5
-3000.0,Jemdet Nasr,7
-3000.0,Late Uruk,3
-3000.0,Proto-Elamite,1
-3000.0,Sumerian,1
-3000.0,Unknown,4
-2985.0,1St Dynasty,1
-2800.0,Jemdet Nasr,2
-2800.0,Ninevite,1
-2800.0,Ninevite 5 Incised,2
-2800.0,Ninevite 5 Painted,1
-2800.0,Proto-Elamite,1
-2700.0,Early Bronze Age,1
-2650.0,3Rd Dynasty,2
-2650.0,Early Dynastic Iii,1
-2600.0,4Th Dynasty,1
-2600.0,Early Dynastic Ii,1
-2600.0,Early Dynastic Iii,79
-2600.0,Haftavan Period Viii,1
-2600.0,Unknown,1
-2570.0,Early Dynastic Iii,1
-2500.0,Bronze Age,7
-2500.0,Early Dynastic,3
-2500.0,Early Dynastic Iii,45
-2500.0,Hongshan Culture,2
-2500.0,Jomon Period,1
-2500.0,Late Neolithic,1
-2500.0,Liangzhu Culture,1
-2500.0,Mesopotamian,2
-2500.0,Ninevite 5,2
-2500.0,Third Dynasty Of Ur,1
-2500.0,Unknown,4
-2460.0,Early Dynastic Iii,1
-2450.0,5Th Dynasty,1
-2450.0,Early Dynastic Iii,1
-2400.0,5Th Dynasty,1
-2400.0,Akkadian,3
-2400.0,Early Dynastic Iii,5
-2300.0,Akkadian,6
-2300.0,Early Bronze Age,1
-2300.0,Old Kingdom,1
-2300.0,Sumerian,1
-2300.0,Unknown,1
-2250.0,Akkadian,8
-2250.0,Early Bronze Age,1
-2250.0,Third Dynasty Of Ur,1
-2200.0,Akkadian,1
-2200.0,Bronze Age,1
-2200.0,Early Bronze Age Iv,1
-2150.0,First Intermediate,1
-2130.0,Lagash Ii,1
-2100.0,Bronze Age,1
-2100.0,First Intermediate,1
-2100.0,Lagash Ii,1
-2100.0,Third Dynasty Of Ur,2
-2100.0,Unknown,1
-2075.0,Third Dynasty Of Ur,1
-2043.0,Third Dynasty Of Ur,1
-2028.0,Third Dynasty Of Ur,1
-2026.0,Third Dynasty Of Ur,1
-2020.0,11Th Dynasty,2
-2007.0,Unknown,1
-2000.0,11Th Dynasty,1
-2000.0,Bronze Age,14
-2000.0,Early Bronze Age,1
-2000.0,First Intermediate,4
-2000.0,Late Neolithic,1
-2000.0,Middle Bronze Age,1
-2000.0,Neolithic,1
-2000.0,Old Assyrian,2
-2000.0,Old Elamite,1
-2000.0,Third Dynasty Of Ur,1
-2000.0,Unknown,11
-1995.0,Third Dynasty Of Ur,1
-1940.0,12Th Dynasty,1
-1930.0,12Th Dynasty,2
-1900.0,12Th Dynasty,1
-1900.0,Old Assyrian,1
-1900.0,Old Babylonian,2
-1850.0,12Th Dynasty,5
-1850.0,Old Babylonian,1
-1836.0,Akkadian,1
-1820.0,12Th Dynasty,1
-1800.0,12Th Dynasty,3
-1800.0,Bronze Age,8
-1800.0,Early Bronze Age,1
-1800.0,Isin-Larsa,1
-1800.0,Middle Bronze Age,1
-1800.0,Middle Kingdom,2
-1800.0,Old Assyrian,2
-1800.0,Old Babylonian,5
-1800.0,Old Hittite,1
-1750.0,Old Babylonian,3
-1720.0,Unknown,1
-1700.0,Dilmun,5
-1700.0,Middle Bronze Age Ii,2
-1700.0,Old Babylonian,28
-1700.0,Old Elamite,1
-1700.0,Unknown,2
-1650.0,Jidle Iii,1
-1600.0,Second Intermediate,1
-1550.0,18Th Dynasty,1
-1550.0,Second Intermediate,2
-1500.0,18Th Dynasty,2
-1500.0,Bronze Age,1
-1500.0,Hittite,2
-1500.0,Middle Bronze Age,5
-1500.0,Mitannian,1
-1500.0,Neolithic,1
-1500.0,Unknown,2
-1490.0,18Th Dynasty,1
-1485.0,18Th Dynasty,1
-1480.0,Hittite,1
-1479.0,18Th Dynasty,1
-1465.0,18Th Dynasty,1
-1450.0,18Th Dynasty,5
-1450.0,Unknown,1
-1400.0,18Th Dynasty,8
-1400.0,Late Bronze Age Ii,1
-1400.0,Middle Assyrian,2
-1400.0,Middle Bronze Age,1
-1400.0,Middle Bronze Age Ii,1
-1400.0,Mitannian,2
-1400.0,New Kingdom,1
-1380.0,18Th Dynasty,1
-1375.0,18Th Dynasty,1
-1370.0,18Th Dynasty,3
-1370.0,New Kingdom,1
-1350.0,18Th Dynasty,7
-1330.0,18Th Dynasty,2
-1318.0,19Th Dynasty,1
-1300.0,Kassite,3
-1300.0,Late Bronze Age,1
-1300.0,Late Bronze Age Iia,3
-1300.0,Middle Assyrian,1
-1300.0,Middle Babylonian,1
-1300.0,Middle Elamite,3
-1300.0,New Kingdom,2
-1300.0,Unknown,1
-1285.0,New Kingdom,1
-1280.0,19Th Dynasty,2
-1275.0,19Th Dynasty,2
-1275.0,New Kingdom,1
-1270.0,19Th Dynasty,1
-1260.0,19Th Dynasty,3
-1250.0,19Th Dynasty,9
-1250.0,Late Bronze Age,1
-1250.0,Middle Elamite,1
-1250.0,Ramesside,1
-1230.0,19Th Dynasty,1
-1220.0,19Th Dynasty,1
-1215.0,19Th Dynasty,1
-1210.0,19Th Dynasty,1
-1200.0,19Th Dynasty,1
-1200.0,Bronze Age,1
-1200.0,Hittite,6
-1200.0,Kassite,1
-1200.0,Middle Assyrian,2
-1200.0,Middle Bronze Age,4
-1200.0,Middle Elamite,1
-1200.0,Mycenaean,1
-1200.0,Neo-Assyrian,1
-1200.0,Unknown,1
-1150.0,20Th Dynasty,3
-1150.0,Middle Elamite,1
-1100.0,Kassite,1
-1100.0,Middle Elamite,1
-1100.0,New Kingdom,1
-1100.0,Philistine,3
-1100.0,Shang Dynasty,8
-1100.0,Unknown,4
-1090.0,Unknown,1
-1033.0,Middle Babylonian,1
-1001.0,Unknown,1
-1000.0,21St Dynasty,1
-1000.0,Iron Age,10
-1000.0,Iron Age I,1
-1000.0,Italic,1
-1000.0,Jomon Period,1
-1000.0,Late Babylonian,1
-1000.0,Middle Assyrian,1
-1000.0,Middle Babylonian,1
-1000.0,Mitannian,1
-1000.0,Phoenician,1
-1000.0,Shang Dynasty,1
-1000.0,Third Intermediate,1
-1000.0,Unknown,15
-1000.0,Western Zhou Dynasty,2
-954.0,Middle Babylonian,1
-950.0,21St Dynasty,1
-940.0,22Nd Dynasty,1
-900.0,21St Dynasty,1
-900.0,22Nd Dynasty,3
-900.0,Bronze Age,3
-900.0,Middle Babylonian,1
-900.0,Neo-Assyrian,2
-900.0,Neo-Hittite,9
-900.0,Unknown,12
-885.0,Italic,1
-879.0,Neo-Assyrian,1
-852.0,Neo-Assyrian,1
-850.0,22Nd Dynasty,1
-830.0,Middle Geometric I,1
-825.0,Neo-Assyrian,1
-820.0,Urartian,1
-800.0,22Nd Dynasty,1
-800.0,Assyrian,3
-800.0,Hittite,1
-800.0,Iron Age,4
-800.0,Iron Age Ii,2
-800.0,Italic,1
-800.0,Middle Geometric I,1
-800.0,Neo-Assyrian,21
-800.0,Neo-Hittite,3
-800.0,Phoenician,5
-800.0,Third Intermediate,1
-800.0,Unknown,8
-800.0,Urartian,1
-800.0,Western Zhou Dynasty,1
-770.0,Middle Babylonian,1
-770.0,Middle Geometric Ii,1
-760.0,Middle Geometric Ii,2
-750.0,25Th Dynasty,1
-750.0,Geometric Greek,1
-750.0,Iron Age,2
-750.0,Middle Geometric Ii,1
-740.0,Late Geometric Ib,6
-735.0,Late Geometric Iia,1
-730.0,Late Geometric Iia,4
-730.0,Neo-Assyrian,1
-730.0,Neo-Hittite,1
-728.0,Neo-Assyrian,2
-717.0,Neo-Assyrian,1
-714.0,Neo-Assyrian,2
-710.0,25Th Dynasty,1
-700.0,25Th Dynasty,2
-700.0,Ammonite,1
-700.0,East Greek,5
-700.0,Euboean,3
-700.0,Geometric Greek,5
-700.0,Hittite,1
-700.0,Iron Age,10
-700.0,Iron Age Ii,1
-700.0,Italic,2
-700.0,Late Babylonian,3
-700.0,Late Geometric,1
-700.0,Late Geometric Iib,1
-700.0,Late Period,3
-700.0,Middle Assyrian,2
-700.0,Napatan,1
-700.0,Neo-Assyrian,13
-700.0,Neo-Hittite,3
-700.0,Orientalising Period,1
-700.0,Phoenician,3
-700.0,Proto-Etruscan,1
-700.0,Third Intermediate,3
-700.0,Unknown,15
-700.0,Urartian,6
-700.0,Western Greek,1
-694.0,Late Babylonian,1
-694.0,Neo-Assyrian,1
-691.0,Neo-Assyrian,2
-683.0,Neo-Assyrian,1
-680.0,Boeotian,1
-673.0,Neo-Assyrian,1
-672.0,Neo-Assyrian,1
-671.0,Neo-Assyrian,2
-670.0,Assyrian,1
-670.0,Neo-Assyrian,2
-670.0,Proto-Corinthian,1
-664.0,Kushite,2
-660.0,Unknown,1
-650.0,26Th Dynasty,1
-650.0,Daunian,1
-650.0,Hittite,1
-650.0,Urartian,1
-649.0,Late Babylonian,3
-648.0,Late Babylonian,1
-648.0,Neo-Assyrian,2
-646.0,Assyrian,1
-645.0,Neo-Assyrian,1
-643.0,Neo-Assyrian,1
-640.0,Neo-Assyrian,1
-640.0,Proto-Corinthian,1
-630.0,26Th Dynasty,1
-625.0,26Th Dynasty,1
-625.0,Corinthian,1
-623.0,Neo-Assyrian,1
-620.0,26Th Dynasty,1
-610.0,East Greek,1
-605.0,Neo-Hittite,1
-600.0,26Th Dynasty,14
-600.0,Archaic Greek,3
-600.0,Assyrian,2
-600.0,Cypro-Archaic,2
-600.0,Cypro-Archaic Ii,1
-600.0,East Dorian,1
-600.0,East Greek,8
-600.0,Eastern Zhou Dynasty,1
-600.0,Etruscan,1
-600.0,Han Dynasty,1
-600.0,Iron Age,3
-600.0,Iron Age Ii,3
-600.0,Late Babylonian,8
-600.0,Late Period,6
-600.0,Median,7
-600.0,Neo-Assyrian,17
-600.0,Neo-Hittite,1
-600.0,New Kingdom,2
-600.0,Orientalising Period,4
-600.0,Peucetian,1
-600.0,Phoenician,8
-600.0,Ptolemaic,1
-600.0,Scythian,1
-600.0,Unknown,13
-600.0,Urartian,5
-590.0,26Th Dynasty,1
-580.0,Attic,1
-580.0,East Greek,1
-577.0,26Th Dynasty,1
-575.0,Attic,1
-575.0,Late Babylonian,1
-570.0,26Th Dynasty,1
-568.0,26Th Dynasty,1
-560.0,Attic,4
-550.0,26Th Dynasty,4
-550.0,Archaic Greek,7
-550.0,Attic,11
-550.0,Boeotian,1
-550.0,Chalcidian,1
-550.0,Cypro-Archaic Ii,1
-550.0,East Greek,6
-550.0,East Greek Archaic Ii,2
-550.0,North Ionian,1
-550.0,Unknown,1
-550.0,Western Greek,2
-540.0,Archaic Greek,4
-540.0,Attic,3
-540.0,Chalcidian,1
-540.0,East Greek,1
-540.0,Laconian,1
-540.0,Unknown,1
-539.0,Achaemenid Dynasty,1
-535.0,Attic,1
-530.0,26Th Dynasty,1
-530.0,Attic,3
-530.0,Chalcidian,2
-530.0,East Greek,1
-530.0,North Ionian,1
-525.0,Attic,1
-525.0,Western Greek,1
-520.0,27Th Dynasty,1
-520.0,Archaic Greek,1
-520.0,Attic,5
-520.0,Chalcidian,2
-517.0,27Th Dynasty,1
-516.0,Achaemenid Dynasty,1
-510.0,Archaic Greek,1
-510.0,Attic,9
-510.0,Cypro-Archaic Ii,1
-510.0,Etruscan,1
-510.0,Western Greek,1
-500.0,26Th Dynasty,11
-500.0,Achaemenid,4
-500.0,Achaemenid Dynasty,3
-500.0,Ancient Egypt,1
-500.0,Archaic Greek,67
-500.0,Attic,49
-500.0,Boeotian,1
-500.0,Classical Greek,1
-500.0,Corinthian,6
-500.0,Cycladic,1
-500.0,Cypriot,6
-500.0,Cypro-Archaic,4
-500.0,Daunian,1
-500.0,East Greek,62
-500.0,East Greek Archaic Ii,1
-500.0,Etruscan,10
-500.0,Greek,11
-500.0,Hellenistic,1
-500.0,Ionian,2
-500.0,Iron Age,7
-500.0,Italic,1
-500.0,Laconian,1
-500.0,Late Babylonian,3
-500.0,Late Period,29
-500.0,Messapian,1
-500.0,Neo-Elamite Ii,1
-500.0,Neolithic,1
-500.0,North Ionian,2
-500.0,Persian,1
-500.0,Phoenician,3
-500.0,Ptolemaic,2
-500.0,Rhodian,3
-500.0,South Ionian,1
-500.0,Unknown,15
-500.0,Western Greek,2
-500.0,Zhou Dynasty,1
-491.0,27Th Dynasty,1
-490.0,Attic,5
-490.0,Greek,2
-490.0,Western Greek,1
-485.0,Attic,1
-485.0,Classical Greek,1
-480.0,Attic,16
-480.0,Boeotian,1
-480.0,East Greek,1
-480.0,Greek,1
-480.0,Unknown,1
-480.0,Western Greek,3
-474.0,Etruscan,1
-470.0,Attic,10
-470.0,Classical Greek,2
-470.0,East Greek,1
-470.0,Western Greek,1
-460.0,Attic,15
-460.0,Classical Greek,1
-460.0,Cypriot,1
-450.0,Attic,18
-450.0,Boeotian,2
-450.0,Classical Greek,4
-450.0,Cypro-Classical I,1
-450.0,East Greek,6
-450.0,Greek,5
-450.0,Unknown,5
-440.0,Attic,16
-440.0,Greek,1
-430.0,Attic,15
-425.0,Attic,2
-425.0,Classical Greek,1
-425.0,Greek,1
-425.0,North Ionian,1
-424.0,Greek,2
-421.0,Greek,1
-420.0,Attic,4
-420.0,Persian Period,1
-410.0,Attic,1
-409.0,Classical Greek,1
-405.0,Greek,1
-400.0,28Th Dynasty,1
-400.0,Achaemenid,27
-400.0,Achaemenid Dynasty,1
-400.0,Ancient South Arabian,1
-400.0,Archaic Greek,5
-400.0,Attic,26
-400.0,Classical Greek,12
-400.0,Daunian,3
-400.0,East Greek,7
-400.0,Eastern Zhou Dynasty,8
-400.0,Etruscan,17
-400.0,Faliscan,2
-400.0,Greek,8
-400.0,Han Dynasty,1
-400.0,Iron Age,2
-400.0,Late Period,4
-400.0,Messapian,1
-400.0,Napatan,1
-400.0,Persian-Hellenistic,1
-400.0,Phoenician,4
-400.0,Phoenician/Punic,1
-400.0,Rhodian,2
-400.0,Unknown,56
-400.0,Warring States Period,1
-400.0,Western Greek,7
-385.0,Classical Greek,1
-380.0,Classical Greek,1
-370.0,30Th Dynasty,1
-360.0,Greek,1
-360.0,Phoenician,1
-356.0,Greek,4
-350.0,30Th Dynasty,1
-350.0,Apulian,2
-350.0,Attic,11
-350.0,Classical Greek,5
-350.0,Late Period,1
-350.0,Unknown,1
-350.0,Western Greek,1
-345.0,30Th Dynasty,1
-340.0,Late Period,1
-325.0,Attic,1
-325.0,Greek,1
-325.0,Late Period,1
-324.0,Greek,1
-320.0,Ptolemaic,1
-318.0,Macedonian Dynasty,1
-305.0,Ptolemaic,1
-300.0,Achaemenid,21
-300.0,Apulian,8
-300.0,Archaic Greek,2
-300.0,Attic,8
-300.0,Campanian,2
-300.0,Classical Greek,14
-300.0,Daunian,2
-300.0,Dynastic,1
-300.0,Eastern Zhou Dynasty,4
-300.0,Etruscan,6
-300.0,Etrusco-Campanian,1
-300.0,Formative,2
-300.0,Greek,17
-300.0,Han Dynasty,1
-300.0,Hellenistic,22
-300.0,Hellenistic Period,2
-300.0,Iron Age,2
-300.0,Late Period,4
-300.0,Meroitic,3
-300.0,Mesopotamian,2
-300.0,Messapian,3
-300.0,Nubia And Sudan Periods And Cultures,1
-300.0,Ptolemaic,7
-300.0,Seleucid Era,1
-300.0,Unknown,8
-300.0,Warring States Period,1
-300.0,Western Greek,17
-280.0,Roman,1
-275.0,Italic,1
-270.0,Ptolemaic,1
-265.0,Greek,1
-260.0,Ptolemaic,1
-250.0,Greek,2
-250.0,Hellenistic,2
-240.0,Ptolemaic,1
-230.0,Ptolemaic,3
-225.0,Roman Republican,1
-219.0,Greek,1
-213.0,Ptolemaic,1
-212.0,Ptolemaic,1
-211.0,Roman Republican,3
-210.0,Roman Republican,1
-209.0,Roman Republican,2
-208.0,Roman Republican,1
-206.0,Western Han Dynasty,1
-200.0,Ancient South Arabian,1
-200.0,Continental Iron Age,12
-200.0,East Greek,3
-200.0,Eastern Zhou Dynasty,8
-200.0,Etruscan,5
-200.0,Graeco-Roman,3
-200.0,Greek,14
-200.0,Han Dynasty,4
-200.0,Hellenistic,51
-200.0,Iron Age,4
-200.0,Italic,6
-200.0,Late Babylonian,3
-200.0,Late Period,1
-200.0,Mauryan,1
-200.0,Meroitic,1
-200.0,Nabataean,2
-200.0,Parthian,4
-200.0,Persian,2
-200.0,Ptolemaic,38
-200.0,Punic,1
-200.0,Qatabanian,2
-200.0,Qin Dynasty,3
-200.0,Roman,7
-200.0,Roman Period,1
-200.0,Roman Republican,1
-200.0,Scythian,1
-200.0,Seleucid Dynasty,2
-200.0,Seleucid Era,5
-200.0,Unknown,16
-200.0,Western Greek,11
-200.0,Zhou Dynasty,1
-196.0,Roman Republican,1
-190.0,Hellenistic,1
-190.0,Ptolemaic,1
-185.0,Ptolemaic,2
-180.0,Graeco-Roman,1
-175.0,Ptolemaic,1
-168.0,Greek,1
-168.0,Roman Provincial,1
-166.0,Greek,1
-161.0,Ptolemaic,1
-160.0,Hellenistic,1
-159.0,Ptolemaic,1
-153.0,Roman Republican,1
-150.0,Hellenistic,1
-150.0,Iron Age,5
-150.0,Roman Republican,1
-146.0,Ptolemaic,1
-145.0,Greco-Bactrian,1
-137.0,Roman Republican,1
-136.0,Roman Republican,1
-133.0,Greek,1
-129.0,Hellenistic,1
-126.0,Greek,1
-125.0,Hellenistic,1
-125.0,Ptolemaic,1
-125.0,Roman Republican,1
-124.0,Roman Republican,1
-122.0,Roman Republican,1
-121.0,Roman Republican,1
-120.0,Iron Age,5
-120.0,Roman Republican,2
-119.0,Roman Republican,1
-115.0,Ptolemaic,1
-107.0,Greek,1
-105.0,Roman Republican,1
-103.0,Roman Republican,1
-100.0,Ancient South Arabian,1
-100.0,Continental Iron Age,23
-100.0,East Greek,1
-100.0,Etruscan,1
-100.0,Etrusco-Latin,1
-100.0,Graeco-Iberian,1
-100.0,Graeco-Roman,2
-100.0,Greco-Bactrian,1
-100.0,Greek,20
-100.0,Han Dynasty,2
-100.0,Hellenistic,37
-100.0,Indo-Greek,3
-100.0,Indo-Scythian,1
-100.0,Iron Age,24
-100.0,Italic,1
-100.0,Kushite,1
-100.0,Late Iron Age,1
-100.0,Levantine,1
-100.0,Nabataean,2
-100.0,Parthian,7
-100.0,Phoenician,2
-100.0,Phoenician/Punic,1
-100.0,Ptolemaic,49
-100.0,Qin Dynasty,1
-100.0,Roman,9
-100.0,Roman Imperial,1
-100.0,Roman Republican,3
-100.0,Romano-Iberian,1
-100.0,Sabaean,2
-100.0,Seleucid Era,1
-100.0,Unknown,50
-100.0,Western Greek,1
-100.0,Western Han Dynasty,3
-95.0,Ptolemaic,1
-89.0,Roman Republican,2
-85.0,Graeco-Roman,1
-85.0,Greek,1
-85.0,Roman,1
-82.0,Roman Republican,3
-80.0,Greek,1
-80.0,Hellenistic,1
-80.0,Roman Republican,1
-75.0,Han Dynasty,1
-75.0,Hellenistic,1
-75.0,Iron Age,11
-75.0,Roman,1
-70.0,Roman Republican,1
-66.0,Roman Republican,1
-61.0,Roman Republican,1
-59.0,Roman Republican,1
-56.0,Xuande,1
-50.0,Graeco-Roman,1
-50.0,Greek,1
-50.0,Hellenistic,4
-50.0,Iron Age,9
-50.0,Late Iron Age,2
-50.0,Roman,10
-50.0,Unknown,2
-49.0,Roman Republican,3
-48.0,Roman Republican,1
-47.0,Roman Republican,1
-45.0,Roman Republican,1
-44.0,Roman Republican,2
-43.0,Roman Republican,7
-42.0,Greek,1
-42.0,Roman Republican,1
-41.0,Ptolemaic,1
-41.0,Roman Republican,4
-40.0,Continental Iron Age,1
-40.0,Greek,1
-40.0,Roman,2
-40.0,Roman Republican,2
-39.0,Roman Provincial,1
-39.0,Roman Republican,2
-38.0,Parthian,2
-38.0,Roman Republican,3
-36.0,Roman Provincial,1
-36.0,Roman Republican,1
-32.0,Roman Republican,1
-31.0,Roman Republican,1
-30.0,Roman,2
-30.0,Roman Imperial,1
-30.0,Roman Period,4
-28.0,Roman Imperial,1
-27.0,Iron Age,1
-27.0,Roman,2
-27.0,Roman Imperial,2
-27.0,Roman Period,1
-27.0,Roman Provincial,11
-27.0,Unknown,1
-25.0,Greek,3
-25.0,Late Period,1
-25.0,Roman,6
-25.0,Roman Imperial,3
-25.0,Unknown,1
-23.0,Continental Iron Age,1
-23.0,Roman Imperial,2
-21.0,Roman Imperial,1
-20.0,Iron Age,4
-20.0,Roman,8
-20.0,Roman Imperial,2
-20.0,Southern British Iron Age,3
-19.0,Roman Imperial,4
-18.0,Roman Imperial,2
-17.0,Roman Imperial,4
-16.0,Roman Imperial,7
-15.0,Roman,2
-15.0,Roman Imperial,9
-13.0,Roman Imperial,2
-12.0,Roman Imperial,2
-11.0,Unknown,1
-10.0,Continental Iron Age,1
-10.0,Iron Age,35
-10.0,Late Iron Age,1
-10.0,Roman,2
-10.0,Roman Imperial,2
25.0,Iron Age,2
25.0,Roman,1
25.0,Roman Imperial,2
25.0,Roman Period,2
25.0,Romano-British,1
25.0,Unknown,1
50.0,Iron Age,5
50.0,Iron Age/Romano-British,1
50.0,Roman,1
50.0,Roman Provincial,1
50.0,Romano-British,27
85.0,Buddhist,1
85.0,Roman,3
85.0,Roman Imperial,1
85.0,Roman Period,7
85.0,Roman Provincial,1
85.0,Romano-British,5
85.0,Unknown,4
100.0,Ancient South Arabian,4
100.0,Buddhist,11
100.0,Early Historic,1
100.0,Eastern Han Dynasty,3
100.0,Germanic,10
100.0,Graeco-Roman,1
100.0,Han Dynasty,9
100.0,Indo-Parthian,2
100.0,Iron Age,14
100.0,Kushan,5
100.0,Lombardic,1
100.0,Meroitic,6
100.0,Mesopotamian,1
100.0,Neo-Punic,1
100.0,Palmyrene,3
100.0,Parthian,45
100.0,Ptolemaic,1
100.0,Qatabanian,1
100.0,Roman,181
100.0,Roman Imperial,50
100.0,Roman Period,61
100.0,Roman Provincial,1
100.0,Romano-British,95
100.0,Sabaean,4
100.0,Sarmatian,5
100.0,Sasanian,1
100.0,Unknown,66
100.0,Yayoi Period,1
102.0,Roman Imperial,1
103.0,Romano-British,1
105.0,Parthian,1
105.0,Romano-British,2
106.0,Roman Period,1
108.0,Romano-British,1
109.0,Roman Period,1
110.0,Roman,5
110.0,Romano-British,4
113.0,Kushan,6
115.0,Roman,1
115.0,Unknown,1
116.0,Greek,1
117.0,Roman,1
117.0,Roman Imperial,1
117.0,Roman Provincial,6
117.0,Romano-British,7
120.0,Roman,5
120.0,Romano-British,1
125.0,Ancient South Arabian,1
125.0,Buddhist,1
125.0,Iron Age,13
125.0,Palmyrene,2
125.0,Roman,5
125.0,Roman Imperial,2
125.0,Roman Period,3
125.0,Romano-British,11
125.0,Unknown,2
130.0,Roman,2
130.0,Romano-British,1
134.0,Roman,1
135.0,Romano-British,1
137.0,Unknown,1
139.0,Romano-British,1
140.0,Roman,13
140.0,Romano-British,2
150.0,Gallo-Roman,1
150.0,Iron Age,22
150.0,Roman,7
150.0,Roman Imperial,6
150.0,Roman Period,1
150.0,Romano-British,14
150.0,Unknown,3
160.0,Roman,6
160.0,Roman Period,1
163.0,Roman Imperial,1
166.0,Roman Period,1
172.0,Eastern Zhou Dynasty,1
178.0,Buddhist,1
180.0,Roman,1
180.0,Romano-British,1
185.0,Palmyrene,1
185.0,Roman,3
185.0,Roman Imperial,1
185.0,Roman Period,1
185.0,Roman Provincial,1
185.0,Romano-British,2
186.0,Unknown,2
188.0,Palmyrene,1
188.0,Unknown,1
192.0,Roman Imperial,1
192.0,Roman Provincial,2
193.0,Roman Imperial,1
193.0,Roman Provincial,1
194.0,Roman,1
194.0,Roman Imperial,5
196.0,Roman Imperial,1
199.0,Roman Period,1
199.0,Romano-British,1
200.0,Ancient South Arabian,6
200.0,Buddhist,4
200.0,Early Sasanian,6
200.0,Eastern Han Dynasty,1
200.0,Germanic,7
200.0,Goth,1
200.0,Han Dynasty,5
200.0,Indo-Greek,2
200.0,Iron Age,5
200.0,Italic,1
200.0,Kushan,2
200.0,Late Roman,11
200.0,Late Sasanian,1
200.0,Meroitic,9
200.0,Nabataean,4
200.0,Palmyrene,1
200.0,Parthian,62
200.0,Ptolemaic,4
200.0,Roman,83
200.0,Roman Imperial,37
200.0,Roman Period,18
200.0,Romano-British,32
200.0,Sarmatian,1
200.0,Unknown,88
204.0,Roman Provincial,1
209.0,Wei Kingdom,1
211.0,Roman Imperial,2
214.0,Roman Imperial,1
217.0,Roman Imperial,1
220.0,Eastern Han Dynasty,2
220.0,Eastern Han Dynasty  .,1
220.0,Han Dynasty,2
225.0,Germanic,1
225.0,Meroitic,1
225.0,Roman,3
225.0,Roman Period,3
225.0,Romano-British,1
225.0,Sarmatian,1
225.0,Sasanian,1
226.0,Unknown,1
227.0,Roman Period,1
228.0,Roman Imperial,1
230.0,Roman Imperial,1
238.0,Roman Imperial,2
238.0,Roman Provincial,5
240.0,Roman Imperial,1
248.0,Roman Imperial,1
250.0,Kushano-Sasanian,1
250.0,Roman,3
250.0,Roman Provincial,1
250.0,Romano-British,3
253.0,Roman Imperial,1
253.0,Roman Provincial,1
269.0,Roman Imperial,6
270.0,Roman Provincial,1
271.0,Roman Imperial,3
274.0,Roman Imperial,1
275.0,Roman Imperial,1
285.0,Germanic,1
285.0,Kushano-Sasanian,1
285.0,Late Roman,2
285.0,Roman,2
285.0,Romano-British,1
287.0,Roman Imperial,2
288.0,Roman,1
288.0,Roman Period,1
294.0,Roman Imperial,2
297.0,Roman Imperial,2
300.0,Celtic,1
300.0,Coptic,3
300.0,Early Byzantine,5
300.0,Early Kofun,3
300.0,Early Sasanian,19
300.0,Gaya Kingdom,1
300.0,Germanic,9
300.0,Goth,1
300.0,Han Dynasty,1
300.0,Kidarite,1
300.0,Kushano-Sasanian,1
300.0,Late Roman,44
300.0,Meroitic,9
300.0,Roman,41
300.0,Roman Imperial,7
300.0,Roman Period,6
300.0,Romano-British,60
300.0,Saiva,1
300.0,Sasanian,2
300.0,Unknown,54
301.0,Roman Imperial,1
303.0,Roman Imperial,1
305.0,Ptolemaic,1
305.0,Roman Imperial,2
307.0,Roman Imperial,1
308.0,Roman Imperial,2
317.0,Late Roman,1
319.0,Roman Imperial,1
321.0,Late Roman,1
322.0,Roman,2
325.0,Romano-British,2
326.0,Roman Imperial,1
335.0,Roman Imperial,2
338.0,Roman Imperial,1
340.0,Roman,1
340.0,Roman Imperial,1
350.0,Han Dynasty,1
350.0,Late Roman,1
350.0,Roman Imperial,1
380.0,Late Roman,1
383.0,Roman Provincial,1
384.0,Unknown,1
385.0,Kushano-Sasanian,1
385.0,Late Roman,1
385.0,Roman,4
385.0,Roman Imperial,1
400.0,Aksumite,1
400.0,Anglo-Saxon,3
400.0,Buddhist,1
400.0,Byzantine,1
400.0,Celtic,9
400.0,Coptic,5
400.0,Early Anglo-Saxon,34
400.0,Early Byzantine,4
400.0,Frankish,9
400.0,Gaya Kingdom,3
400.0,Germanic,18
400.0,Goth,7
400.0,Gupta,1
400.0,Hephthalite,1
400.0,Hun,1
400.0,Kofun Period,1
400.0,Kushan,1
400.0,Late Antique,2
400.0,Late Kofun,1
400.0,Late Roman,19
400.0,Late Sasanian,26
400.0,Meroitic,1
400.0,Merovingian,5
400.0,Middle Kofun,10
400.0,Nomad,3
400.0,Ostrogothic,2
400.0,Roman,27
400.0,Roman Imperial,1
400.0,Roman Iron Age,2
400.0,Roman Period,2
400.0,Romano-British,4
400.0,Sarmatian,1
400.0,Sasanian,3
400.0,Sub-Roman,2
400.0,Three Kingdoms,2
400.0,Unknown,30
400.0,Vandal,8
402.0,Late Roman,1
404.0,Late Roman,1
410.0,Romano-British,5
425.0,Attic,1
425.0,Early Anglo-Saxon,1
425.0,Roman,17
425.0,Unknown,1
450.0,Unknown,3
450.0,Vandal,1
459.0,Sasanian,1
462.0,Sasanian,1
477.0,Germanic,1
485.0,Buddhist,3
485.0,Early Anglo-Saxon,4
485.0,Gallo-Roman,1
485.0,Germanic,2
485.0,Goth,1
485.0,Late Roman,2
485.0,Merovingian,1
485.0,Unknown,22
497.0,Sasanian,4
498.0,Sasanian,2
499.0,Sasanian,2
500.0,Anglo-Saxon,12
500.0,Archaic Period,1
500.0,Buddhist,1
500.0,Byzantine,1
500.0,Celtic,4
500.0,Chen Dynasty,1
500.0,Coptic,5
500.0,Early Anglo-Saxon,267
500.0,Early Byzantine,50
500.0,Gaochang Kingdom,1
500.0,Germanic,11
500.0,Graeco-Roman,1
500.0,Iron Age,9
500.0,Kofun Period,1
500.0,Late Antique,2
500.0,Late Kofun,43
500.0,Late Roman,1
500.0,Late Sasanian,14
500.0,Liu Song Dynasty,2
500.0,Lombardic,1
500.0,Merovingian,70
500.0,Middle Kofun,8
500.0,Nomad,1
500.0,Northern Wei Dynasty,1
500.0,Ostrogothic,1
500.0,Paracas,4
500.0,Parthian,1
500.0,Roman,4
500.0,Sasanian,1
500.0,Six Dynasties,1
500.0,Unknown,38
500.0,Visigothic,6
501.0,Iron Age,9
501.0,Sasanian,1
502.0,Northern Wei Dynasty,1
502.0,Sasanian,2
503.0,Sasanian,1
505.0,Sasanian,2
509.0,Sasanian,1
511.0,Northern Wei Dynasty,1
513.0,Sasanian,1
518.0,Sasanian,2
519.0,Sasanian,1
520.0,Sasanian,1
521.0,Sasanian,1
521.0,Six Dynasties,1
523.0,Sasanian,1
524.0,Sasanian,1
525.0,Early Anglo-Saxon,24
525.0,Kofun Period,1
525.0,Late Kofun,3
525.0,Merovingian,2
525.0,Roman,1
525.0,Sasanian,1
525.0,Unknown,1
527.0,Unknown,1
528.0,Northern Wei Dynasty,1
534.0,Burgundian,1
535.0,Eastern Wei Dynasty,1
547.0,Sasanian,1
549.0,Sasanian,1
550.0,Anglo-Saxon,1
550.0,Celtic,1
550.0,Early Anglo-Saxon,1
550.0,Late Roman,1
550.0,Unknown,3
551.0,Sasanian,1
552.0,Northern Qi Dynasty,1
552.0,Sasanian,3
552.0,Unknown,1
553.0,Northern Dynasties,1
555.0,Sasanian,1
558.0,Sasanian,3
559.0,Sasanian,1
560.0,Sasanian,1
561.0,Sasanian,1
562.0,Sasanian,1
563.0,Sasanian,3
564.0,Sasanian,2
566.0,Maitraka Dynasty,1
566.0,Sasanian,1
567.0,Sasanian,2
570.0,Sasanian,2
571.0,Sasanian,2
571.0,Six Dynasties,1
571.0,Unknown,1
572.0,Sasanian,1
573.0,Sasanian,1
574.0,Sasanian,2
575.0,Visigothic,1
576.0,Sasanian,1
577.0,Chen Dynasty,1
578.0,Sasanian,2
580.0,Sasanian,3
581.0,Sasanian,2
582.0,Sasanian,2
583.0,Sasanian,3
584.0,Sasanian,3
584.0,Sui Dynasty,1
585.0,Anglo-Saxon,1
585.0,Early Anglo-Saxon,8
585.0,Early Byzantine,2
585.0,Late Kofun,8
585.0,Lombardic,1
585.0,Merovingian,3
585.0,Northern Qi Dynasty,1
585.0,Sasanian,1
585.0,Sui Dynasty,1
587.0,Sasanian,7
588.0,Sasanian,4
589.0,Sasanian,3
590.0,Sasanian,12
591.0,Sasanian,2
592.0,Sasanian,3
593.0,Sasanian,6
594.0,Sasanian,2
596.0,Sasanian,3
597.0,Sasanian,1
598.0,Sasanian,1
599.0,Sasanian,4
600.0,Anglo-Saxon,2
600.0,Asuka Period,1
600.0,Buddhist,1
600.0,Byzantine,1
600.0,Celtic,7
600.0,Coptic,7
600.0,Early Anglo-Saxon,87
600.0,Early Byzantine,33
600.0,Early Christian Period,1
600.0,Early Islamic,1
600.0,Germanic,15
600.0,Goth,3
600.0,Hispano-Visigothic,4
600.0,Late Kofun,20
600.0,Late Sasanian,4
600.0,Lombardic,13
600.0,Meroitic,1
600.0,Merovingian,157
600.0,Middle Woodland Period,1
600.0,Nomad,1
600.0,Parthian,49
600.0,Roman,4
600.0,Roman Period,6
600.0,Sasanian,2
600.0,Slav,2
600.0,Sui Dynasty,1
600.0,Tang Dynasty,1
600.0,Umayyad Dynasty,2
600.0,Unknown,14
600.0,Visigothic,4
603.0,Sasanian,2
605.0,Sasanian,2
606.0,Sasanian,2
610.0,Sasanian,2
611.0,Sasanian,1
614.0,Sasanian,1
615.0,Sasanian,1
616.0,Sasanian,1
617.0,Sasanian,1
618.0,Sasanian,3
619.0,Sasanian,1
620.0,Sasanian,3
621.0,Tang Dynasty,3
622.0,Sasanian,1
624.0,Sasanian,3
625.0,Anglo-Saxon,4
625.0,Avar,1
625.0,Celtic,3
625.0,Early Anglo-Saxon,104
625.0,Early Byzantine,3
625.0,Early Christian Period,1
625.0,Germanic,1
625.0,Late Roman,1
625.0,Lombardic,1
625.0,Merovingian,5
625.0,Sasanian,2
625.0,Unknown,1
626.0,Sasanian,1
627.0,Sasanian,1
628.0,Sasanian,6
629.0,Sasanian,8
630.0,Sasanian,2
631.0,Sasanian,1
632.0,Sasanian,2
632.0,Unknown,1
637.0,Sasanian,1
638.0,Sasanian,1
640.0,Early Byzantine,1
642.0,Sasanian,1
650.0,Celtic,3
650.0,Early Anglo-Saxon,1
650.0,Early Byzantine,1
650.0,Late Kofun,2
650.0,Unknown,1
651.0,Arab-Sasanian,2
651.0,Sasanian,3
652.0,Arab-Sasanian,1
653.0,Tang Dynasty,1
656.0,Arab-Sasanian,2
658.0,Unknown,1
660.0,Arab-Sasanian,1
661.0,Arab-Sasanian,6
662.0,Arab-Sasanian,1
663.0,Mamluk Dynasty,1
666.0,Unknown,1
667.0,Arab-Sasanian,1
671.0,Arab-Sasanian,2
672.0,Arab-Sasanian,6
673.0,Arab-Sasanian,1
674.0,Arab-Sasanian,1
675.0,Arab-Sasanian,4
675.0,Unknown,1
677.0,Arab-Sasanian,3
678.0,Arab-Sasanian,2
679.0,Arab-Sasanian,3
680.0,Arab-Sasanian,2
681.0,Arab-Sasanian,2
682.0,Arab-Sasanian,9
683.0,Arab-Sasanian,2
684.0,Arab-Sasanian,1
685.0,Arab-Sasanian,1
685.0,Celtic,3
685.0,Early Anglo-Saxon,29
685.0,Early Byzantine,3
685.0,Merovingian,3
685.0,Middle Anglo-Saxon,1
685.0,Unknown,1
686.0,Arab-Sasanian,3
687.0,Arab-Sasanian,1
688.0,Arab-Sasanian,5
689.0,Arab-Sasanian,1
690.0,Umayyad Dynasty,1
692.0,Umayyad Dynasty,1
694.0,Arab-Sasanian,2
695.0,Arab-Sasanian,1
696.0,Arab-Sasanian,1
697.0,Arab-Sasanian,2
698.0,Umayyad Dynasty,1
700.0,Anglo-Saxon,4
700.0,Buddhist,2
700.0,Byzantine,1
700.0,Celtic,7
700.0,Christian,1
700.0,Classic Maya,3
700.0,Coptic,7
700.0,Dvaravati,1
700.0,Early Byzantine,2
700.0,Early Islamic,2
700.0,Germanic,3
700.0,Hun,1
700.0,Islamic,2
700.0,Late Kofun,1
700.0,Lombardic,1
700.0,Middle Anglo-Saxon,9
700.0,Nara Period,3
700.0,Pictish,1
700.0,Recuay,1
700.0,Roman,1
700.0,Roman Period,3
700.0,Tang Dynasty,16
700.0,Umayyad Dynasty,2
700.0,Unified Silla Dynasty,2
700.0,Unknown,45
704.0,Arab-Byzantine,1
708.0,Nara Period,1
708.0,Wado Era,1
711.0,Umayyad Dynasty,1
715.0,Late Classic Maya,1
722.0,Arab-Sasanian,1
724.0,Umayyad Dynasty,1
725.0,Byzantine,1
725.0,Middle Anglo-Saxon,17
728.0,Tang Dynasty,1
730.0,Unknown,1
735.0,Umayyad Dynasty,1
737.0,Ispahbads,1
742.0,Tang Dynasty,1
749.0,Arab-Sasanian,1
750.0,Coptic,1
750.0,Pala,1
750.0,Qianyuan,1
753.0,Abbasid Dynasty,1
757.0,Abbasid Dynasty,1
759.0,Abbasid Dynasty,1
759.0,Tang Dynasty,1
760.0,Classic Maya,1
762.0,Abbasid Dynasty,1
762.0,Ispahbads,1
763.0,Abbasid Dynasty,1
764.0,Nara Period,3
770.0,Abbasid Dynasty,1
770.0,Classic Maya,1
778.0,Abbasid Dynasty,1
779.0,Abbasid Dynasty,1
780.0,Jianzhong,1
783.0,Abbasid Dynasty,2
785.0,Abbasid Dynasty,2
785.0,Anglo-Saxon,1
785.0,Avar,2
785.0,Carolingian,2
785.0,Celtic,1
785.0,Late Anglo-Saxon,1
785.0,Middle Anglo-Saxon,4
785.0,Unknown,1
786.0,Abbasid Dynasty,1
787.0,Abbasid Dynasty,1
788.0,Abbasid Dynasty,1
789.0,Abbasid Dynasty,2
790.0,Abbasid Dynasty,1
791.0,Abbasid Dynasty,2
796.0,Abbasid Dynasty,1
796.0,Heian Period,1
800.0,Abbasid Dynasty,133
800.0,Anglo-Saxon,12
800.0,Byzantine,1
800.0,Carolingian,13
800.0,Celtic,2
800.0,Coptic,3
800.0,Dvaravati,1
800.0,Early Islamic,52
800.0,Early Medieval,2
800.0,Hindu,1
800.0,Islamic,9
800.0,Karkota,1
800.0,Late Anglo-Saxon,18
800.0,Middle Anglo-Saxon,1
800.0,Middle Byzantine,2
800.0,Moche,1
800.0,Pala,1
800.0,Tang Dynasty,20
800.0,Tulunid Dynasty,1
800.0,Unknown,26
800.0,Viking,21
818.0,Abbasid Dynasty,1
825.0,Anglo-Saxon,2
825.0,Carolingian,1
825.0,Celtic,1
825.0,Early Medieval,4
825.0,Late Anglo-Saxon,1
825.0,Viking,9
832.0,Abbasid Dynasty,1
835.0,Unknown,1
850.0,Carolingian,1
850.0,Islamic,1
850.0,Late Anglo-Saxon,8
850.0,Middle Anglo-Saxon,1
850.0,Unknown,1
859.0,Abbasid Dynasty,1
864.0,Abbasid Dynasty,1
864.0,Tang Dynasty,1
868.0,Tulunid Dynasty,1
885.0,Anglo-Saxon,3
885.0,Carolingian,1
885.0,Celtic,1
885.0,Early Medieval,2
885.0,Late Anglo-Saxon,6
885.0,Viking,7
892.0,Tang Dynasty,1
897.0,Tang Dynasty,1
900.0,Abbasid Dynasty,3
900.0,Buddhist,12
900.0,Buyid Dynasty,1
900.0,Carolingian,2
900.0,Celtic,1
900.0,Chola,3
900.0,Classic Christian Period,1
900.0,Classic Maya,1
900.0,Coptic,1
900.0,Early Islamic,13
900.0,Fatimid Dynasty,3
900.0,Five Dynasties,19
900.0,Gurjara-Pratihara,1
900.0,Hindu,1
900.0,Islamic,4
900.0,Late Anglo-Saxon,16
900.0,Liao Dynasty,6
900.0,Magyar,2
900.0,Meroitic,3
900.0,Middle Anglo-Saxon,1
900.0,Middle Byzantine,14
900.0,Middle Horizon,1
900.0,Northern Song Dynasty,2
900.0,Ottonian,2
900.0,Parthian,1
900.0,Roman Period,3
900.0,Saiva,1
900.0,Samanid Dynasty,17
900.0,Song Dynasty,2
900.0,Tang Dynasty,12
900.0,Umayyads Of Spain,1
900.0,Unknown,20
900.0,Viking,39
903.0,Samanid Dynasty,1
904.0,Tulunid Dynasty,1
910.0,Unknown,1
912.0,Fatimid Dynasty,1
916.0,Ten Kingdoms,1
918.0,Ten Kingdoms,1
919.0,Islamic,1
925.0,Late Anglo-Saxon,2
925.0,Qing Dynasty,1
925.0,Unknown,18
925.0,Viking,2
926.0,Unknown,1
938.0,Ten Kingdoms,2
947.0,Five Dynasties,1
947.0,Unknown,1
950.0,Chola,1
950.0,Finno-Ugrian,1
950.0,Hoysala,1
950.0,Late Anglo-Saxon,1
950.0,Late Bronze Age,1
950.0,Ottonian,1
950.0,Unknown,1
959.0,Ten Kingdoms,4
960.0,Northern Song Dynasty,1
963.0,Northern Song Dynasty,1
963.0,Southern Song Dynasty,1
964.0,Ikhshidid Dynasty,1
967.0,Fatimid Dynasty,1
970.0,Viking,5
972.0,Fatimid Dynasty,1
978.0,Song Dynasty,1
980.0,Northern Song Dynasty,1
985.0,Anglo-Saxon,2
985.0,Late Anglo-Saxon,1
985.0,Viking,1
990.0,Northern Song Dynasty,1
991.0,Early Islamic,1
998.0,Northern Song Dynasty,1
1000.0,Anglo-Saxon,2
1000.0,Buddhist,2
1000.0,Celtic,1
1000.0,Christian,2
1000.0,Coptic,2
1000.0,Early Medieval,5
1000.0,Fatimid Dynasty,14
1000.0,Finno-Ugrian,7
1000.0,Five Dynasties,2
1000.0,Ghaznavid Dynasty,2
1000.0,Goryeo Dynasty,2
1000.0,Heian Period,1
1000.0,Islamic,1
1000.0,Khmer,1
1000.0,Late Anglo-Saxon,9
1000.0,Liao Dynasty,1
1000.0,Livian,3
1000.0,Medieval,4
1000.0,Middle Byzantine,15
1000.0,Middle Islamic,3
1000.0,Northern Song Dynasty,2
1000.0,Pagan,1
1000.0,Pala,2
1000.0,Salian,1
1000.0,Slav,2
1000.0,Song Dynasty,4
1000.0,Unknown,20
1000.0,Vaishnava,1
1000.0,Viking,16
1004.0,Northern Song Dynasty,2
1008.0,Northern Song Dynasty,1
1012.0,Fatimid Dynasty,1
1016.0,Fatimid Dynasty,1
1018.0,Fatimid Dynasty,1
1020.0,Fatimid Dynasty,1
1023.0,Northern Song Dynasty,2
1023.0,Song Dynasty,1
1025.0,Anglo-Saxon,1
1025.0,Chola,1
1025.0,Late Anglo-Saxon,2
1025.0,Middle Byzantine,1
1025.0,Viking,1
1032.0,Northern Song Dynasty,1
1034.0,Paramara,1
1039.0,Northern Song Dynasty,4
1043.0,Pala,2
1050.0,Anglo-Saxon,1
1050.0,Unknown,1
1055.0,Fatimid Dynasty,1
1056.0,Northern Song Dynasty,1
1066.0,Late Anglo-Saxon,1
1068.0,Unknown,1
1071.0,Northern Song Dynasty,1
1073.0,Seljuq Dynasty,1
1081.0,Fatimid Dynasty,1
1084.0,Fatimid Dynasty,1
1085.0,Celtic,1
1085.0,Late Anglo-Saxon,2
1085.0,Medieval,1
1085.0,Unknown,1
1085.0,Viking,2
1091.0,Liao Dynasty,1
1092.0,Seljuq Dynasty,1
1100.0,Ayyubid Dynasty,3
1100.0,Buddhist,1
1100.0,Celtic,1
1100.0,Chola,2
1100.0,Dali Kingdom,1
1100.0,Early Medieval,2
1100.0,Fatimid Dynasty,11
1100.0,Finno-Ugrian,4
1100.0,Ghaznavid Dynasty,3
1100.0,Ghurid Dynasty,2
1100.0,Goryeo Dynasty,4
1100.0,Heian Period,3
1100.0,Hoysala,2
1100.0,Islamic,14
1100.0,Khmer,2
1100.0,Late Christian Period,2
1100.0,Late Medieval,13
1100.0,Liao Dynasty,1
1100.0,Livian,2
1100.0,Medieval,6
1100.0,Middle Byzantine,10
1100.0,Middle Islamic,3
1100.0,Norman,1
1100.0,Northern Song Dynasty,3
1100.0,Pagan,3
1100.0,Pala,1
1100.0,Seljuq Dynasty,24
1100.0,Song Dynasty,4
1100.0,Southern Song Dynasty,2
1100.0,Unknown,29
1100.0,Vaishnava,1
1100.0,Viking,1
1100.0,Volga Bulgar,1
1101.0,Fatimid Dynasty,1
1101.0,Northern Song Dynasty,1
1107.0,Northern Song Dynasty,1
1107.0,Seljuq Dynasty,1
1109.0,Late Medieval,1
1109.0,Seljuq Dynasty,1
1113.0,Fatimid Dynasty,1
1125.0,Celtic,1
1125.0,Finno-Ugrian,3
1125.0,Late Medieval,3
1125.0,Livian,3
1125.0,Unknown,2
1127.0,Southern Song Dynasty,1
1129.0,Unknown,1
1130.0,Late Medieval,1
1131.0,Fatimid Dynasty,1
1144.0,Unknown,1
1150.0,Fatimid Dynasty,1
1150.0,Heian Period,1
1150.0,Late Medieval,1
1150.0,Medieval,1
1150.0,Unknown,2
1154.0,Unknown,1
1159.0,Fatimid Dynasty,1
1160.0,Unknown,1
1161.0,Unknown,1
1165.0,Jin Dynasty,1
1170.0,Unknown,1
1171.0,Zangid Dynasty,1
1177.0,Ayyubid Dynasty,2
1180.0,Unknown,10
1184.0,Ayyubid Dynasty,1
1184.0,Jin Dynasty,1
1185.0,Ayyubid Dynasty,1
1185.0,Late Medieval,3
1185.0,Medieval,4
1185.0,Middle Byzantine,1
1185.0,Unknown,7
1187.0,Ayyubid Dynasty,1
1188.0,Unknown,1
1189.0,Middle Byzantine,1
1189.0,Middle Islamic,1
1193.0,Ayyubid Dynasty,1
1195.0,Ayyubid Dynasty,1
1196.0,Ayyubid Dynasty,1
1200.0,Abbasid Dynasty,3
1200.0,Ayyubid Dynasty,24
1200.0,Buddhist,1
1200.0,Chimu,1
1200.0,Finno-Ugrian,1
1200.0,Ghurid Dynasty,1
1200.0,Goryeo Dynasty,3
1200.0,Hoysala,1
1200.0,Ilkhanid Dynasty,7
1200.0,Islamic,16
1200.0,Jewish,1
1200.0,Jin Dynasty,3
1200.0,Kamakura Period,5
1200.0,Khmer,1
1200.0,Late Byzantine,13
1200.0,Late Christian Period,1
1200.0,Late Medieval,70
1200.0,Medieval,37
1200.0,Middle Islamic,9
1200.0,Northern Song Dynasty,1
1200.0,Pala,1
1200.0,Roman,1
1200.0,Seljuq Dynasty,5
1200.0,Song Dynasty,10
1200.0,Southern Song Dynasty,25
1200.0,Unknown,57
1203.0,Islamic,1
1203.0,Jin Dynasty,1
1205.0,Unknown,13
1206.0,Unknown,3
1210.0,Islamic,1
1210.0,Jiading,1
1210.0,Unknown,2
1213.0,Unknown,1
1215.0,Ayyubid Dynasty,1
1215.0,Unknown,1
1217.0,Unknown,4
1218.0,Unknown,1
1221.0,Islamic,1
1221.0,Jiading,1
1224.0,Persian,1
1225.0,Ayyubid Dynasty,1
1225.0,Finno-Ugrian,1
1225.0,Hoysala,1
1225.0,Islamic,1
1225.0,Kamakura Period,1
1225.0,Late Medieval,7
1225.0,Medieval,13
1225.0,Middle Islamic,1
1225.0,Unknown,11
1226.0,Ayyubid Dynasty,1
1230.0,Late Medieval,1
1232.0,Middle Islamic,1
1235.0,Ayyubid Dynasty,1
1237.0,Ayyubid Dynasty,1
1237.0,Southern Song Dynasty,1
1239.0,Ayyubid Dynasty,1
1239.0,Unknown,1
1241.0,Ayyubid Dynasty,2
1242.0,Unknown,1
1243.0,Unknown,1
1247.0,Unknown,1
1248.0,Unknown,2
1250.0,Ayyubid Dynasty,1
1250.0,Islamic,2
1250.0,Late Christian Period,1
1250.0,Late Medieval,2
1250.0,Mamluk Dynasty,1
1250.0,Middle Islamic,1
1250.0,Unknown,2
1257.0,Unknown,1
1258.0,Late Medieval,1
1259.0,Ayyubid Dynasty,1
1262.0,Ilkhanid Dynasty,1
1267.0,Mamluk Dynasty,1
1270.0,Ilkhanid Dynasty,1
1277.0,Late Medieval,1
1278.0,Unknown,1
1279.0,Unknown,3
1279.0,Yuan Dynasty,1
1280.0,Idrisid Dynasty,1
1280.0,Unknown,3
1285.0,Ilkhanid Dynasty,7
1285.0,Islamic,4
1285.0,Late Medieval,15
1285.0,Mamluk Dynasty,2
1285.0,Medieval,4
1285.0,Unknown,6
1289.0,Mongol,1
1289.0,Unknown,1
1290.0,Unknown,1
1291.0,Unknown,1
1295.0,Unknown,2
1297.0,Unknown,1
1300.0,Goryeo Dynasty,1
1300.0,Ilkhanid Dynasty,14
1300.0,Islamic,15
1300.0,Jewish,1
1300.0,Kamakura Period,7
1300.0,Late Byzantine,15
1300.0,Late Christian Period,5
1300.0,Late Medieval,151
1300.0,Mamluk Dynasty,45
1300.0,Medieval,49
1300.0,Middle Elamite,3
1300.0,Middle Islamic,4
1300.0,Ming Dynasty,3
1300.0,Muromachi Period,3
1300.0,Nasrid Dynasty,1
1300.0,Ottoman Dynasty,3
1300.0,Post-Medieval,1
1300.0,Roman,1
1300.0,Unknown,117
1300.0,Yuan Dynasty,16
1301.0,Unknown,1
1303.0,Yuan Dynasty,1
1308.0,Ilkhanid Dynasty,1
1309.0,Unknown,1
1321.0,Yuan Dynasty,1
1322.0,Late Medieval,1
1325.0,Ilkhanid Dynasty,2
1325.0,Islamic,2
1325.0,Late Medieval,16
1325.0,Medieval,4
1325.0,Roman,3
1325.0,Unknown,5
1325.0,Yuan Dynasty,1
1330.0,Late Medieval,2
1330.0,Mamluk Dynasty,1
1330.0,Medieval,1
1333.0,Inju Dynasty,1
1333.0,Persian,1
1333.0,Unknown,1
1339.0,Yuan Dynasty,1
1340.0,Late Medieval,1
1341.0,Goryeo Dynasty,1
1341.0,Inju Dynasty,1
1341.0,Zhizheng,1
1342.0,Unknown,1
1344.0,Unknown,1
1345.0,Late Medieval,1
1345.0,Yuan Dynasty,1
1348.0,Unknown,1
1350.0,Late Medieval,1
1350.0,Mamluk Dynasty,2
1350.0,Medieval,1
1350.0,Unknown,3
1351.0,Romano-British,1
1351.0,Yuan Dynasty,1
1352.0,Mongol,1
1354.0,Unknown,1
1358.0,Goryeo Dynasty,1
1375.0,Late Medieval,1
1375.0,Ming Dynasty,2
1375.0,Unknown,2
1376.0,Late Medieval,7
1385.0,Late Medieval,14
1385.0,Mamluk Dynasty,2
1385.0,Medieval,4
1385.0,Muromachi Period,1
1385.0,Nasrid Dynasty,2
1385.0,Unknown,10
1385.0,Yuan Dynasty,1
1388.0,Medieval,1
1389.0,Ming Dynasty,1
1391.0,Ming Dynasty,1
1393.0,Late Medieval,1
1393.0,Timurid Dynasty,1
1393.0,Unknown,1
1396.0,Late Medieval,2
1396.0,Ming Dynasty,1
1399.0,Unknown,1
1400.0,Aq Qoyunlu,1
1400.0,Islamic,14
1400.0,Joseon Dynasty,1
1400.0,Late Islamic,3
1400.0,Late Medieval,94
1400.0,Le Dynasty,2
1400.0,Mamluk Dynasty,24
1400.0,Medieval,16
1400.0,Ming Dynasty,11
1400.0,Muromachi Period,3
1400.0,Oei Era,1
1400.0,Old Babylonian,1
1400.0,Ottoman Dynasty,2
1400.0,Roman,1
1400.0,Timurid Dynasty,17
1400.0,Unknown,168
1402.0,Unknown,1
1406.0,Ming Dynasty,1
1408.0,Late Medieval,1
1410.0,Late Medieval,1
1410.0,Ming Dynasty,1
1410.0,Unknown,1
1413.0,Ottoman Dynasty,1
1420.0,Islamic,1
1421.0,Unknown,1
1423.0,Mamluk Dynasty,1
1425.0,Etruscan,1
1425.0,Islamic,2
1425.0,Ming Dynasty,1
1425.0,Timurid Dynasty,1
1425.0,Unknown,15
1426.0,Late Medieval,1
1427.0,Islamic,1
1430.0,Late Medieval,1
1430.0,Timurid Dynasty,1
1430.0,Unknown,2
1432.0,Ottoman Dynasty,1
1432.0,Timurid Dynasty,1
1440.0,Unknown,1
1445.0,Unknown,1
1446.0,Ming Dynasty,1
1446.0,Unknown,2
1450.0,Ottoman Dynasty,1
1450.0,Timurid Dynasty,2
1450.0,Unknown,4
1453.0,Late Medieval,1
1453.0,Unknown,2
1455.0,Unknown,1
1457.0,Unknown,2
1458.0,Unknown,1
1459.0,Ming Dynasty,1
1459.0,Unknown,2
1460.0,Unknown,5
1461.0,Unknown,1
1464.0,Ming Dynasty,1
1464.0,Unknown,2
1465.0,Timurid Dynasty,1
1469.0,Unknown,2
1470.0,Ming Dynasty,1
1470.0,Unknown,2
1471.0,Unknown,1
1472.0,Unknown,1
1473.0,Unknown,1
1475.0,Late Medieval,1
1475.0,Unknown,4
1477.0,Unknown,3
1478.0,Unknown,1
1480.0,Late Medieval,1
1480.0,Unknown,7
1481.0,Unknown,2
1482.0,Unknown,2
1484.0,Islamic,1
1484.0,Unknown,1
1485.0,Aq Qoyunlu,1
1485.0,Islamic,4
1485.0,Joseon Dynasty,1
1485.0,Late Medieval,12
1485.0,Mamluk Dynasty,5
1485.0,Medieval,1
1485.0,Middle Islamic,1
1485.0,Muromachi Period,1
1485.0,Timurid Dynasty,1
1485.0,Turkman Dynasty,1
1485.0,Unknown,43
1486.0,Ming Dynasty,1
1486.0,Unknown,1
1487.0,Unknown,1
1489.0,Ming Dynasty,1
1490.0,Unknown,7
1491.0,Ming Dynasty,1
1491.0,Unknown,4
1492.0,Colonial,6
1492.0,Ming Dynasty,1
1492.0,Unknown,2
1494.0,Unknown,2
1495.0,Unknown,7
1496.0,Turkman Dynasty,1
1496.0,Unknown,1
1497.0,Unknown,4
1498.0,Timurid Dynasty,1
1498.0,Unknown,1
1499.0,Ming Dynasty,1
1499.0,Unknown,3
1500.0,Buddhist,1
1500.0,Edo Period,2
1500.0,Inca,1
1500.0,Islamic,2
1500.0,Jewish,2
1500.0,Joseon Dynasty,1
1500.0,Late Islamic,5
1500.0,Late Medieval,7
1500.0,Medieval,3
1500.0,Ming Dynasty,40
1500.0,Mixtec,2
1500.0,Momoyama Period,2
1500.0,Mughal Dynasty,1
1500.0,Muromachi Period,11
1500.0,Ottoman Dynasty,18
1500.0,Persian,1
1500.0,Post-Medieval,62
1500.0,Pre-Columbian,1
1500.0,Qing Dynasty,1
1500.0,Safavid Dynasty,4
1500.0,Shaybanid Dynasty,1
1500.0,Unknown,326
1500.0,Vijayanagara,2
1501.0,Unknown,6
1502.0,Unknown,2
1503.0,Unknown,2
1504.0,Unknown,3
1505.0,Unknown,2
1506.0,Eisho Era,1
1506.0,Ming Dynasty,2
1506.0,Unknown,5
1507.0,Unknown,7
1508.0,Unknown,8
1509.0,Unknown,3
1510.0,Ottoman Dynasty,1
1510.0,Safavid Dynasty,1
1510.0,Unknown,9
1511.0,Ming Dynasty,1
1511.0,Unknown,2
1512.0,Unknown,5
1513.0,Timurid Dynasty,2
1513.0,Unknown,7
1514.0,Unknown,11
1515.0,Unknown,19
1516.0,Unknown,11
1517.0,Ming Dynasty,1
1517.0,Ottoman Dynasty,1
1517.0,Unknown,15
1518.0,Unknown,19
1519.0,Ottoman Dynasty,1
1519.0,Unknown,10
1520.0,Ming Dynasty,1
1520.0,Ottoman Dynasty,2
1520.0,Post-Medieval,1
1520.0,Pre-Columbian,1
1520.0,Unknown,34
1521.0,Unknown,9
1522.0,Unknown,3
1523.0,Unknown,11
1524.0,Unknown,12
1525.0,Medieval,2
1525.0,Momoyama Period,1
1525.0,Muromachi Period,1
1525.0,Persian,1
1525.0,Post-Medieval,8
1525.0,Unknown,62
1526.0,Daiei Era,1
1526.0,Unknown,5
1527.0,Unknown,4
1528.0,Unknown,2
1529.0,Unknown,4
1530.0,Safavid Dynasty,1
1530.0,Unknown,17
1531.0,Unknown,6
1532.0,Unknown,12
1533.0,Unknown,4
1534.0,Late Medieval,1
1534.0,Unknown,10
1535.0,Unknown,11
1536.0,Unknown,10
1537.0,Unknown,6
1538.0,Unknown,3
1539.0,Unknown,9
1540.0,Ming Dynasty,1
1540.0,Persian,1
1540.0,Safavid Dynasty,1
1540.0,Unknown,14
1541.0,Unknown,9
1542.0,Ming Dynasty,1
1542.0,Unknown,5
1543.0,Unknown,6
1544.0,Unknown,9
1545.0,Safavid Dynasty,1
1545.0,Unknown,10
1546.0,Unknown,2
1547.0,Ming Dynasty,1
1547.0,Unknown,7
1548.0,Ming Dynasty,1
1548.0,Unknown,11
1549.0,Ming Dynasty,1
1549.0,Ottoman Dynasty,1
1549.0,Post-Medieval,1
1549.0,Unknown,5
1550.0,Ottoman Dynasty,2
1550.0,Post-Medieval,3
1550.0,Unknown,45
1550.0,Vijayanagara,1
1551.0,Ming Dynasty,1
1551.0,Unknown,14
1552.0,Unknown,11
1553.0,Post-Medieval,1
1553.0,Unknown,13
1554.0,Unknown,10
1555.0,Ming Dynasty,1
1555.0,Post-Medieval,1
1555.0,Shaybanid Dynasty,1
1555.0,Unknown,9
1556.0,Unknown,3
1557.0,Unknown,8
1558.0,Ottoman Dynasty,1
1558.0,Unknown,15
1559.0,Post-Medieval,1
1559.0,Unknown,8
1560.0,Ming Dynasty,1
1560.0,Persian,1
1560.0,Unknown,28
1561.0,Unknown,6
1562.0,Eiroku Era,1
1562.0,Unknown,8
1563.0,Ming Dynasty,1
1563.0,Unknown,8
1564.0,Unknown,2
1565.0,Shaybanid Dynasty,1
1565.0,Unknown,9
1566.0,Ming Dynasty,1
1566.0,Unknown,11
1567.0,Unknown,8
1568.0,Unknown,18
1569.0,Unknown,11
1570.0,Mughal Dynasty,1
1570.0,Post-Medieval,1
1570.0,Unknown,33
1571.0,Post-Medieval,1
1571.0,Unknown,13
1572.0,Unknown,21
1573.0,Ming Dynasty,1
1573.0,Unknown,15
1574.0,Tensho Era,1
1574.0,Unknown,11
1575.0,Ming Dynasty,1
1575.0,Post-Medieval,1
1575.0,Unknown,30
1576.0,Colonial,1
1576.0,Ming Dynasty,1
1576.0,Post-Medieval,2
1576.0,Unknown,13
1577.0,Unknown,18
1578.0,Ming Dynasty,1
1578.0,Post-Medieval,1
1578.0,Unknown,16
1579.0,Ming Dynasty,2
1579.0,Unknown,16
1580.0,Ming Dynasty,2
1580.0,Mughal Dynasty,1
1580.0,Ottoman Dynasty,1
1580.0,Persian,1
1580.0,Unknown,30
1581.0,Post-Medieval,1
1581.0,Unknown,14
1582.0,Unknown,12
1583.0,Post-Medieval,1
1583.0,Unknown,18
1584.0,Ming Dynasty,1
1584.0,Post-Medieval,3
1584.0,Unknown,9
1585.0,Colonial,1
1585.0,Edo Period,1
1585.0,Islamic,1
1585.0,Late Islamic,1
1585.0,Ming Dynasty,2
1585.0,Momoyama Period,4
1585.0,Mughal Dynasty,2
1585.0,Muromachi Period,1
1585.0,Ottoman Dynasty,7
1585.0,Persian,1
1585.0,Post-Medieval,2
1585.0,Safavid Dynasty,1
1585.0,Unknown,95
1586.0,Unknown,26
1587.0,Ming Dynasty,1
1587.0,Post-Medieval,1
1587.0,Unknown,9
1588.0,Unknown,20
1589.0,Post-Medieval,1
1589.0,Unknown,20
1590.0,Akbar Reign,2
1590.0,Islamic,1
1590.0,Persian,1
1590.0,Post-Medieval,6
1590.0,Shaybanid Dynasty,1
1590.0,Unknown,21
1591.0,Post-Medieval,3
1591.0,Unknown,10
1592.0,Bunroku Era,1
1592.0,Unknown,15
1593.0,Ming Dynasty,1
1593.0,Unknown,12
1594.0,Ottoman Dynasty,1
1594.0,Post-Medieval,4
1594.0,Unknown,21
1595.0,Ottoman Dynasty,1
1595.0,Persian,1
1595.0,Unknown,14
1595.0,Wanli,1
1596.0,Ming Dynasty,1
1596.0,Unknown,16
1597.0,Ming Dynasty,1
1597.0,Unknown,20
1598.0,Mughal Dynasty,2
1598.0,Post-Medieval,1
1598.0,Unknown,26
1599.0,Keicho Era,1
1599.0,Post-Medieval,2
1599.0,Unknown,11
1600.0,Anasazi,2
1600.0,Edo Period,32
1600.0,Inca,1
1600.0,Islamic,14
1600.0,Jewish,1
1600.0,Kanbun Era,1
1600.0,Kanei Era,1
1600.0,Keicho Era,1
1600.0,Late Islamic,4
1600.0,Late Roman,1
1600.0,Ming Dynasty,57
1600.0,Momoyama Period,1
1600.0,Mughal Dynasty,16
1600.0,Nayaka,1
1600.0,Ottoman Dynasty,10
1600.0,Persian,8
1600.0,Post-Christian,3
1600.0,Post-Medieval,63
1600.0,Qing Dynasty,14
1600.0,Romano-British,1
1600.0,Safavid Dynasty,29
1600.0,Transitional Period,2
1600.0,Unknown,479
1601.0,Unknown,22
1602.0,Unknown,13
1603.0,Ottoman Dynasty,1
1603.0,Unknown,17
1604.0,Unknown,21
1605.0,Islamic,1
1605.0,Keicho Era,1
1605.0,Mughal Dynasty,1
1605.0,Unknown,15
1606.0,Post-Medieval,1
1606.0,Unknown,14
1607.0,Unknown,7
1608.0,Keicho Era,1
1608.0,Ottoman Dynasty,1
1608.0,Unknown,14
1609.0,Unknown,11
1610.0,Ming Dynasty,1
1610.0,Momoyama Period,1
1610.0,Mughal Dynasty,6
1610.0,Unknown,36
1611.0,Ottoman Dynasty,1
1611.0,Post-Medieval,1
1611.0,Unknown,10
1612.0,Unknown,12
1613.0,Unknown,11
1614.0,Ming Dynasty,1
1614.0,Unknown,8
1615.0,Safavid Dynasty,1
1615.0,Unknown,13
1616.0,Mughal Dynasty,1
1616.0,Unknown,21
1617.0,Unknown,18
1618.0,Ottoman Dynasty,5
1618.0,Post-Medieval,3
1618.0,Unknown,25
1619.0,Unknown,21
1620.0,Jahangir Reign,1
1620.0,Late Islamic,1
1620.0,Ottoman Dynasty,1
1620.0,Persian,1
1620.0,Post-Medieval,4
1620.0,Safavid Dynasty,1
1620.0,Unknown,24
1621.0,Ming Dynasty,1
1621.0,Ottoman Dynasty,1
1621.0,Unknown,10
1622.0,Ottoman Dynasty,1
1622.0,Unknown,18
1623.0,Unknown,18
1624.0,Ming Dynasty,1
1624.0,Safavid Dynasty,1
1624.0,Unknown,15
1625.0,Edo Period,11
1625.0,Islamic,1
1625.0,Late Islamic,2
1625.0,Ming Dynasty,4
1625.0,Momoyama Period,3
1625.0,Persian,1
1625.0,Post-Medieval,9
1625.0,Safavid Dynasty,4
1625.0,Unknown,75
1626.0,Ming Dynasty,1
1626.0,Unknown,10
1627.0,Ming Dynasty,1
1627.0,Unknown,21
1628.0,Islamic,1
1628.0,Unknown,11
1629.0,Unknown,12
1630.0,Kanei Era,1
1630.0,Late Islamic,1
1630.0,Mughal Dynasty,4
1630.0,Persian,1
1630.0,Post-Medieval,1
1630.0,Safavid Dynasty,1
1630.0,Unknown,30
1631.0,Unknown,23
1632.0,Kanei Era,1
1632.0,Unknown,22
1633.0,Ming Dynasty,2
1633.0,Unknown,22
1634.0,Post-Medieval,1
1634.0,Unknown,16
1635.0,Kanei Era,1
1635.0,Ming Dynasty,1
1635.0,Unknown,25
1636.0,Ming Dynasty,1
1636.0,Unknown,15
1637.0,Kanei Era,1
1637.0,Unknown,9
1638.0,Ming Dynasty,1
1638.0,Unknown,25
1639.0,Ming Dynasty,1
1639.0,Unknown,18
1640.0,Edo Period,1
1640.0,Ming Dynasty,4
1640.0,Mughal Dynasty,1
1640.0,Persian,1
1640.0,Post-Medieval,1
1640.0,Safavid Dynasty,3
1640.0,Unknown,33
1641.0,Post-Medieval,1
1641.0,Unknown,19
1642.0,Unknown,24
1643.0,Ming Dynasty,23
1643.0,Unknown,13
1644.0,Unknown,31
1645.0,Mughal Dynasty,2
1645.0,Unknown,35
1646.0,Unknown,39
1647.0,Post-Medieval,1
1647.0,Safavid Dynasty,1
1647.0,Unknown,23
1648.0,Post-Medieval,2
1648.0,Qing Dynasty,1
1648.0,Unknown,21
1649.0,Safavid Dynasty,1
1649.0,Unknown,55
1650.0,Edo Period,9
1650.0,Islamic,1
1650.0,Mughal Dynasty,4
1650.0,Ottoman Dynasty,1
1650.0,Persian,3
1650.0,Post-Medieval,6
1650.0,Qing Dynasty,1
1650.0,Shunzhi,1
1650.0,Unknown,110
1651.0,Ming Dynasty,1
1651.0,Qing Dynasty,1
1651.0,Unknown,72
1652.0,Joo Era,1
1652.0,Qing Dynasty,1
1652.0,Unknown,95
1653.0,Joo Era,1
1653.0,Post-Medieval,2
1653.0,Unknown,72
1654.0,Ming Dynasty,1
1654.0,Unknown,54
1655.0,Mughal Dynasty,1
1655.0,Qing Dynasty,1
1655.0,Unknown,66
1656.0,Qing Dynasty,1
1656.0,Unknown,125
1657.0,Meireki Era,1
1657.0,Ming Dynasty,1
1657.0,Post-Medieval,1
1657.0,Qing Dynasty,2
1657.0,Unknown,165
1658.0,Edo Period,1
1658.0,Mughal Dynasty,1
1658.0,Post-Medieval,1
1658.0,Unknown,115
1659.0,Manji Era,3
1659.0,Safavid Dynasty,1
1659.0,Unknown,114
1660.0,Manji Era,2
1660.0,Post-Medieval,2
1660.0,Unknown,93
1661.0,Qing Dynasty,1
1661.0,Unknown,28
1662.0,Post-Medieval,1
1662.0,Unknown,59
1663.0,Kanbun Era,1
1663.0,Unknown,108
1664.0,Qing Dynasty,1
1664.0,Unknown,218
1665.0,Unknown,137
1666.0,Kanbun Era,1
1666.0,Qing Dynasty,1
1666.0,Unknown,488
1667.0,Qing Dynasty,1
1667.0,Unknown,467
1668.0,Edo Period,1
1668.0,Post-Medieval,4
1668.0,Unknown,411
1669.0,Unknown,322
1670.0,Kanbun Era,2
1670.0,Post-Medieval,1
1670.0,Unknown,126
1671.0,Qing Dynasty,1
1671.0,Unknown,63
1672.0,Edo Period,1
1672.0,Unknown,38
1673.0,Kanbun Era,1
1673.0,Safavid Dynasty,1
1673.0,Unknown,30
1674.0,Post-Medieval,1
1674.0,Unknown,17
1675.0,Mughal Dynasty,1
1675.0,Post-Medieval,2
1675.0,Unknown,26
1676.0,Post-Medieval,1
1676.0,Safavid Dynasty,1
1676.0,Unknown,17
1677.0,Edo Period,1
1677.0,Enpo Era,2
1677.0,Unknown,21
1678.0,Qing Dynasty,1
1678.0,Unknown,22
1679.0,Edo Period,1
1679.0,Enpo Era,2
1679.0,Post-Medieval,3
1679.0,Unknown,26
1680.0,Edo Period,2
1680.0,Enpo Era,2
1680.0,Post-Medieval,2
1680.0,Qing Dynasty,3
1680.0,Unknown,41
1681.0,Edo Period,1
1681.0,Tenna Era,2
1681.0,Unknown,17
1682.0,Tenna Era,2
1682.0,Unknown,30
1683.0,Edo Period,1
1683.0,Persian,1
1683.0,Post-Medieval,1
1683.0,Safavid Dynasty,1
1683.0,Tenna Era,4
1683.0,Unknown,28
1684.0,Edo Period,2
1684.0,Qing Dynasty,1
1684.0,Tenna Era,1
1684.0,Unknown,22
1685.0,Edo Period,19
1685.0,Enpo Era,1
1685.0,Genroku Era,1
1685.0,Islamic,9
1685.0,Jewish,1
1685.0,Jokyo Era,1
1685.0,Late Antique,1
1685.0,Mughal Dynasty,5
1685.0,Ottoman Dynasty,2
1685.0,Persian,1
1685.0,Post-Medieval,7
1685.0,Qing Dynasty,2
1685.0,Safavid Dynasty,9
1685.0,Tenna Era,1
1685.0,Unknown,115
1686.0,Edo Period,1
1686.0,Ming Dynasty,1
1686.0,Ottoman Dynasty,1
1686.0,Unknown,26
1687.0,Jokyo Era,1
1687.0,Ottoman Dynasty,1
1687.0,Post-Medieval,3
1687.0,Qing Dynasty,3
1687.0,Unknown,23
1688.0,Unknown,36
1689.0,Qing Dynasty,1
1689.0,Unknown,48
1690.0,Edo Period,1
1690.0,Genroku Era,4
1690.0,Kangxi,1
1690.0,Post-Medieval,5
1690.0,Qing Dynasty,1
1690.0,Unknown,46
1691.0,Genroku Era,2
1691.0,Post-Medieval,1
1691.0,Unknown,42
1692.0,Genroku Era,1
1692.0,Kangxi,1
1692.0,Ming Dynasty,1
1692.0,Post-Medieval,1
1692.0,Unknown,28
1693.0,Genroku Era,1
1693.0,Islamic,1
1693.0,Post-Medieval,1
1693.0,Unknown,32
1694.0,Edo Period,1
1694.0,Genroku Era,1
1694.0,Ottoman Dynasty,2
1694.0,Post-Medieval,1
1694.0,Qing Dynasty,1
1694.0,Unknown,34
1695.0,Unknown,24
1696.0,Genroku Era,1
1696.0,Post-Medieval,1
1696.0,Qing Dynasty,1
1696.0,Unknown,24
1697.0,Genroku Era,1
1697.0,Unknown,28
1698.0,Edo Period,1
1698.0,Unknown,18
1699.0,Genroku Era,2
1699.0,Post-Medieval,2
1699.0,Unknown,16
1700.0,Buddhist,2
1700.0,Colonial,3
1700.0,Edo Period,92
1700.0,Etruscan,1
1700.0,Genroku Era,2
1700.0,Graeco-Roman,1
1700.0,Islamic,19
1700.0,Jewish,4
1700.0,Joseon Dynasty,4
1700.0,Kandyan,2
1700.0,Kangxi,1
1700.0,Lan Na,1
1700.0,Late Islamic,7
1700.0,Ming Dynasty,4
1700.0,Mughal Dynasty,18
1700.0,Ottoman Dynasty,37
1700.0,Persian,5
1700.0,Post-Christian,2
1700.0,Post-Medieval,24
1700.0,Qajar Dynasty,5
1700.0,Qianlong,7
1700.0,Qing Dynasty,177
1700.0,Safavid Dynasty,6
1700.0,Unknown,751
1700.0,Vaishnava,2
1701.0,Kangxi,1
1701.0,Qing Dynasty,4
1701.0,Unknown,21
1702.0,Genroku Era,4
1702.0,Unknown,30
1703.0,Genroku Era,1
1703.0,Ottoman Dynasty,1
1703.0,Qing Dynasty,1
1703.0,Unknown,24
1704.0,Qing Dynasty,2
1704.0,Unknown,16
1705.0,Hoei Era,1
1705.0,Qing Dynasty,1
1705.0,Unknown,18
1706.0,Hoei Era,2
1706.0,Unknown,15
1707.0,Hoei Era,1
1707.0,Post-Medieval,1
1707.0,Unknown,33
1708.0,Post-Medieval,1
1708.0,Qing Dynasty,1
1708.0,Unknown,20
1709.0,Unknown,22
1710.0,Edo Period,1
1710.0,Hoei Era,1
1710.0,Qing Dynasty,1
1710.0,Unknown,26
1711.0,Edo Period,2
1711.0,Persian,1
1711.0,Unknown,7
1712.0,Unknown,23
1713.0,Edo Period,1
1713.0,Qing Dynasty,1
1713.0,Unknown,23
1714.0,Post-Classic,1
1714.0,Post-Medieval,1
1714.0,Safavid Dynasty,1
1714.0,Shotoku Era,1
1714.0,Unknown,22
1715.0,Edo Period,1
1715.0,Shotoku Era,4
1715.0,Unknown,26
1716.0,Edo Period,1
1716.0,Kyoho Era,1
1716.0,Shotoku Era,1
1716.0,Unknown,12
1717.0,Kyoho Era,1
1717.0,Unknown,19
1718.0,Unknown,17
1719.0,Edo Period,1
1719.0,Unknown,14
1720.0,Edo Period,1
1720.0,Kyoho Era,2
1720.0,Mughal Dynasty,1
1720.0,Post-Medieval,1
1720.0,Qing Dynasty,1
1720.0,Unknown,57
1721.0,Edo Period,1
1721.0,Islamic,1
1721.0,Kyoho Era,4
1721.0,Unknown,17
1722.0,Edo Period,1
1722.0,Qing Dynasty,2
1722.0,Unknown,16
1723.0,Kyoho Era,1
1723.0,Unknown,24
1723.0,Yongzheng,1
1724.0,Edo Period,1
1724.0,Kyoho Era,3
1724.0,Post-Medieval,2
1724.0,Unknown,31
1725.0,Edo Period,13
1725.0,Islamic,2
1725.0,Joseon Dynasty,1
1725.0,Late Islamic,1
1725.0,Ottoman Dynasty,2
1725.0,Post-Medieval,4
1725.0,Qing Dynasty,1
1725.0,Roman,1
1725.0,Saiva,1
1725.0,Unknown,74
1726.0,Unknown,16
1727.0,Post-Medieval,1
1727.0,Qing Dynasty,1
1727.0,Unknown,37
1728.0,Kyoho Era,1
1728.0,Ottoman Dynasty,1
1728.0,Post-Medieval,1
1728.0,Qing Dynasty,1
1728.0,Unknown,29
1729.0,Edo Period,1
1729.0,Post-Medieval,1
1729.0,Unknown,21
1730.0,Edo Period,1
1730.0,Ottoman Dynasty,3
1730.0,Post-Medieval,1
1730.0,Qing Dynasty,3
1730.0,Safavid Dynasty,1
1730.0,Unknown,40
1731.0,Edo Period,1
1731.0,Kyoho Era,4
1731.0,Post-Medieval,1
1731.0,Safavid Dynasty,1
1731.0,Unknown,38
1732.0,Edo Period,1
1732.0,Kyoho Era,1
1732.0,Qing Dynasty,1
1732.0,Unknown,26
1733.0,Unknown,32
1734.0,Edo Period,2
1734.0,Kyoho Era,2
1734.0,Qing Dynasty,1
1734.0,Unknown,30
1735.0,Kyoho Era,2
1735.0,Qing Dynasty,2
1735.0,Unknown,39
1736.0,Qianlong,1
1736.0,Qing Dynasty,2
1736.0,Unknown,28
1737.0,Genbun Era,1
1737.0,Post-Medieval,1
1737.0,Unknown,35
1738.0,Qing Dynasty,1
1738.0,Unknown,29
1739.0,Genbun Era,4
1739.0,Unknown,24
1740.0,Edo Period,1
1740.0,Genbun Era,1
1740.0,Post-Medieval,1
1740.0,Qing Dynasty,4
1740.0,Unknown,76
1741.0,Edo Period,1
1741.0,Kanpo Era,2
1741.0,Ottoman Dynasty,2
1741.0,Post-Medieval,2
1741.0,Unknown,31
1742.0,Enkyo Era,1
1742.0,Kanpo Era,2
1742.0,Ottoman Dynasty,1
1742.0,Unknown,34
1743.0,Unknown,45
1744.0,Edo Period,1
1744.0,Enkyo Era,1
1744.0,Post-Medieval,2
1744.0,Qing Dynasty,1
1744.0,Unknown,32
1745.0,Enkyo Era,2
1745.0,Jewish,1
1745.0,Post-Medieval,1
1745.0,Qing Dynasty,1
1745.0,Unknown,43
1746.0,Enkyo Era,2
1746.0,Post-Medieval,1
1746.0,Qianlong,1
1746.0,Qing Dynasty,2
1746.0,Unknown,44
1747.0,Enkyo Era,2
1747.0,Unknown,41
1748.0,Afsharid Dynasty,1
1748.0,Edo Period,1
1748.0,Kanen Era,2
1748.0,Ottoman Dynasty,1
1748.0,Post-Medieval,1
1748.0,Unknown,38
1749.0,Edo Period,2
1749.0,Kanen Era,1
1749.0,Unknown,43
1750.0,Christian,1
1750.0,Edo Period,11
1750.0,Horeki Era,4
1750.0,Islamic,1
1750.0,Jewish,1
1750.0,Kanen Era,2
1750.0,Mughal Dynasty,2
1750.0,Post-Medieval,8
1750.0,Qing Dynasty,14
1750.0,Unknown,172
1751.0,Horeki Era,1
1751.0,Unknown,58
1752.0,Horeki Era,3
1752.0,Unknown,33
1753.0,Edo Period,1
1753.0,Horeki Era,1
1753.0,Post-Medieval,1
1753.0,Qing Dynasty,1
1753.0,Unknown,45
1754.0,Horeki Era,1
1754.0,Ottoman Dynasty,3
1754.0,Post-Medieval,1
1754.0,Qing Dynasty,2
1754.0,Unknown,45
1755.0,Edo Period,1
1755.0,Horeki Era,3
1755.0,Qing Dynasty,2
1755.0,Unknown,58
1756.0,Edo Period,1
1756.0,Horeki Era,2
1756.0,Qing Dynasty,2
1756.0,Unknown,37
1757.0,Edo Period,1
1757.0,Horeki Era,1
1757.0,Ottoman Dynasty,2
1757.0,Unknown,71
1758.0,Horeki Era,2
1758.0,Ottoman Dynasty,1
1758.0,Unknown,32
1759.0,Persian,1
1759.0,Post-Medieval,1
1759.0,Unknown,38
1760.0,Edo Period,4
1760.0,Horeki Era,1
1760.0,Meiwa Era,1
1760.0,Post-Medieval,7
1760.0,Qing Dynasty,6
1760.0,Unknown,123
1761.0,Post-Medieval,2
1761.0,Unknown,68
1762.0,Edo Period,2
1762.0,Unknown,70
1763.0,Horeki Era,1
1763.0,Meiwa Era,1
1763.0,Unknown,61
1764.0,Meiwa Era,1
1764.0,Unknown,49
1765.0,Edo Period,3
1765.0,Meiwa Era,5
1765.0,Mughal Dynasty,1
1765.0,Post-Medieval,2
1765.0,Unknown,69
1766.0,Edo Period,1
1766.0,Meiwa Era,1
1766.0,Unknown,48
1767.0,Qing Dynasty,1
1767.0,Unknown,42
1768.0,Edo Period,1
1768.0,Meiwa Era,4
1768.0,Post-Medieval,1
1768.0,Unknown,51
1769.0,Joseon Dynasty,1
1769.0,Meiwa Era,5
1769.0,Unknown,51
1770.0,Anei Era,9
1770.0,Edo Period,18
1770.0,Meiwa Era,13
1770.0,Ottoman Dynasty,2
1770.0,Qajar Dynasty,1
1770.0,Qing Dynasty,3
1770.0,Unknown,140
1771.0,Edo Period,3
1771.0,Meiwa Era,5
1771.0,Post-Medieval,1
1771.0,Unknown,61
1772.0,Anei Era,2
1772.0,Meiwa Era,2
1772.0,Qajar Dynasty,1
1772.0,Qing Dynasty,2
1772.0,Unknown,77
1773.0,Anei Era,1
1773.0,Edo Period,1
1773.0,Ottoman Dynasty,6
1773.0,Qing Dynasty,1
1773.0,Unknown,79
1774.0,Anei Era,1
1774.0,Edo Period,1
1774.0,Qing Dynasty,2
1774.0,Unknown,79
1775.0,Anei Era,3
1775.0,Edo Period,1
1775.0,Qianlong,1
1775.0,Tenmei Era,1
1775.0,Unknown,136
1776.0,Anei Era,4
1776.0,Post-Medieval,2
1776.0,Unknown,128
1777.0,Anei Era,4
1777.0,Edo Period,3
1777.0,Filali Sharifs,1
1777.0,Unknown,157
1778.0,Anei Era,5
1778.0,Colonial,1
1778.0,Edo Period,4
1778.0,Post-Medieval,1
1778.0,Unknown,89
1779.0,Anei Era,1
1779.0,Ottoman Dynasty,1
1779.0,Unknown,90
1780.0,Anei Era,5
1780.0,Edo Period,11
1780.0,Kansei Era,1
1780.0,Post-Medieval,1
1780.0,Qing Dynasty,3
1780.0,Tenmei Era,18
1780.0,Unknown,201
1781.0,Edo Period,2
1781.0,Filali Sharifs,1
1781.0,Tenmei Era,7
1781.0,Unknown,95
1782.0,Edo Period,2
1782.0,Tenmei Era,7
1782.0,Unknown,109
1783.0,Tenmei Era,4
1783.0,Unknown,103
1784.0,Edo Period,4
1784.0,Qing Dynasty,3
1784.0,Tenmei Era,5
1784.0,Unknown,140
1785.0,Edo Period,23
1785.0,Graeco-Roman,1
1785.0,Islamic,3
1785.0,Joseon Dynasty,1
1785.0,Mughal Dynasty,1
1785.0,Post-Medieval,3
1785.0,Qing Dynasty,3
1785.0,Tenmei Era,9
1785.0,Unknown,310
1786.0,Edo Period,2
1786.0,Late Islamic,1
1786.0,Qing Dynasty,1
1786.0,Tenmei Era,9
1786.0,Unknown,129
1787.0,Edo Period,4
1787.0,Tenmei Era,10
1787.0,Unknown,153
1788.0,Edo Period,3
1788.0,Ottoman Dynasty,3
1788.0,Tenmei Era,9
1788.0,Unknown,171
1789.0,Edo Period,1
1789.0,Kansei Era,5
1789.0,Tenmei Era,4
1789.0,Unknown,150
1790.0,Edo Period,12
1790.0,Hindu,1
1790.0,Kansei Era,32
1790.0,Ottoman Dynasty,3
1790.0,Qing Dynasty,1
1790.0,Unknown,282
1791.0,Edo Period,3
1791.0,Islamic,1
1791.0,Kansei Era,7
1791.0,Unknown,158
1792.0,Edo Period,2
1792.0,Kansei Era,3
1792.0,Qing Dynasty,1
1792.0,Unknown,205
1793.0,Edo Period,1
1793.0,Kansei Era,12
1793.0,Unknown,202
1794.0,Edo Period,6
1794.0,Kansei Era,9
1794.0,Qing Dynasty,1
1794.0,Unknown,240
1795.0,Edo Period,7
1795.0,Kansei Era,11
1795.0,Unknown,251
1796.0,Edo Period,5
1796.0,Kansei Era,11
1796.0,Post-Medieval,1
1796.0,Unknown,178
1797.0,Edo Period,4
1797.0,Kansei Era,5
1797.0,Qing Dynasty,1
1797.0,Unknown,192
1798.0,Edo Period,6
1798.0,Joseon Dynasty,1
1798.0,Kansei Era,17
1798.0,Unknown,148
1799.0,Edo Period,5
1799.0,Kansei Era,13
1799.0,Shah Dynasty,1
1799.0,Unknown,166
1800.0,Arctic,1
1800.0,Buddhist,5
1800.0,Bunka Era,1
1800.0,Carolingian,1
1800.0,Christian,1
1800.0,Classical Greek,1
1800.0,Colonial,3
1800.0,Coptic,1
1800.0,Edo Period,238
1800.0,Eskimo,22
1800.0,Hindu,1
1800.0,Islamic,46
1800.0,Jewish,3
1800.0,Jiaqing,1
1800.0,Joseon Dynasty,41
1800.0,Kansei Era,18
1800.0,Kofun Period,1
1800.0,Kyowa Era,6
1800.0,Late Islamic,12
1800.0,Meiji Era,32
1800.0,Meroitic,1
1800.0,Ming Dynasty,3
1800.0,Mughal Dynasty,6
1800.0,Northern Song Dynasty,1
1800.0,Ottoman Dynasty,27
1800.0,Persian,2
1800.0,Post-Medieval,16
1800.0,Qajar Dynasty,35
1800.0,Qing Dynasty,155
1800.0,Unknown,3639
1801.0,Edo Period,5
1801.0,Kansei Era,2
1801.0,Kyowa Era,6
1801.0,Unknown,155
1802.0,Edo Period,2
1802.0,Kyowa Era,16
1802.0,Ottoman Dynasty,1
1802.0,Unknown,160
1803.0,Edo Period,6
1803.0,Kyowa Era,12
1803.0,Unknown,163
1804.0,Bunka Era,18
1804.0,Edo Period,4
1804.0,Kyowa Era,13
1804.0,Unknown,152
1805.0,Bunka Era,10
1805.0,Edo Period,1
1805.0,Qajar Dynasty,1
1805.0,Qing Dynasty,1
1805.0,Unknown,170
1806.0,Bunka Era,11
1806.0,Edo Period,6
1806.0,Qing Dynasty,1
1806.0,Unknown,166
1807.0,Bunka Era,12
1807.0,Bunsei Era,1
1807.0,Edo Period,2
1807.0,Ottoman Dynasty,1
1807.0,Unknown,171
1808.0,Bunka Era,7
1808.0,Edo Period,5
1808.0,Ottoman Dynasty,1
1808.0,Qing Dynasty,1
1808.0,Unknown,146
1809.0,Bunka Era,9
1809.0,Edo Period,3
1809.0,Qing Dynasty,2
1809.0,Unknown,191
1810.0,Bunka Era,6
1810.0,Bunsei Era,2
1810.0,Edo Period,11
1810.0,Unknown,222
1811.0,Bunka Era,5
1811.0,Edo Period,4
1811.0,Qing Dynasty,1
1811.0,Unknown,236
1812.0,Bunka Era,9
1812.0,Edo Period,1
1812.0,Qing Dynasty,1
1812.0,Unknown,190
1813.0,Bunka Era,15
1813.0,Durrani Dynasty,1
1813.0,Edo Period,3
1813.0,Ottoman Dynasty,1
1813.0,Unknown,175
1814.0,Buddhist,1
1814.0,Bunka Era,16
1814.0,Edo Period,3
1814.0,Qing Dynasty,1
1814.0,Unknown,224
1815.0,Bunka Era,7
1815.0,Edo Period,3
1815.0,Ottoman Dynasty,1
1815.0,Unknown,258
1816.0,Bunka Era,10
1816.0,Edo Period,3
1816.0,Qing Dynasty,7
1816.0,Unknown,176
1817.0,Bunka Era,9
1817.0,Bunsei Era,1
1817.0,Edo Period,4
1817.0,Unknown,176
1818.0,Bunka Era,3
1818.0,Bunsei Era,8
1818.0,Edo Period,3
1818.0,Unknown,158
1819.0,Bunsei Era,10
1819.0,Edo Period,4
1819.0,Unknown,172
1820.0,26Th Dynasty,1
1820.0,Bunka Era,1
1820.0,Bunsei Era,22
1820.0,Edo Period,11
1820.0,Jewish,1
1820.0,Qajar Dynasty,2
1820.0,Qing Dynasty,1
1820.0,Unknown,325
1821.0,Bunsei Era,12
1821.0,Edo Period,3
1821.0,Unknown,232
1822.0,Bunsei Era,12
1822.0,Edo Period,3
1822.0,Qing Dynasty,9
1822.0,Unknown,189
1823.0,Bunka Era,1
1823.0,Bunsei Era,13
1823.0,Edo Period,2
1823.0,Ottoman Dynasty,2
1823.0,Unknown,205
1824.0,Bunsei Era,12
1824.0,Edo Period,5
1824.0,Unknown,207
1825.0,Buddhist,1
1825.0,Bunka Era,1
1825.0,Bunsei Era,10
1825.0,Edo Period,100
1825.0,Hindu,3
1825.0,Islamic,7
1825.0,Jewish,1
1825.0,Kyowa Era,1
1825.0,Late Islamic,1
1825.0,Meiji Era,1
1825.0,Mughal Dynasty,1
1825.0,Persian,1
1825.0,Qajar Dynasty,3
1825.0,Qing Dynasty,9
1825.0,Sikh,1
1825.0,Unknown,1208
1825.0,Yongzheng,1
1826.0,Bunsei Era,13
1826.0,Edo Period,5
1826.0,Unknown,148
1827.0,Bunsei Era,11
1827.0,Edo Period,4
1827.0,Qajar Dynasty,1
1827.0,Unknown,187
1828.0,Bunsei Era,11
1828.0,Edo Period,3
1828.0,Qing Dynasty,1
1828.0,Sikh,1
1828.0,Unknown,175
1829.0,Bunsei Era,8
1829.0,Edo Period,6
1829.0,Ottoman Dynasty,1
1829.0,Unknown,183
1830.0,Bunsei Era,3
1830.0,Edo Period,11
1830.0,Islamic,1
1830.0,Qing Dynasty,1
1830.0,Tenpo Era,24
1830.0,Unknown,326
1831.0,Edo Period,2
1831.0,Qing Dynasty,1
1831.0,Tenpo Era,12
1831.0,Unknown,179
1832.0,Edo Period,4
1832.0,Tenpo Era,11
1832.0,Unknown,185
1833.0,Edo Period,2
1833.0,Jewish,1
1833.0,Qing Dynasty,1
1833.0,Tenpo Era,16
1833.0,Unknown,170
1834.0,Daoguang,1
1834.0,Edo Period,4
1834.0,Tenpo Era,11
1834.0,Unknown,167
1835.0,Bunsei Era,1
1835.0,Tenpo Era,12
1835.0,Unknown,171
1836.0,Edo Period,2
1836.0,Tenpo Era,14
1836.0,Unknown,207
1837.0,Edo Period,1
1837.0,Tenpo Era,10
1837.0,Unknown,120
1838.0,Edo Period,2
1838.0,Tenpo Era,4
1838.0,Unknown,141
1839.0,Edo Period,2
1839.0,Ottoman Dynasty,1
1839.0,Qing Dynasty,3
1839.0,Tenpo Era,2
1839.0,Unknown,137
1840.0,Edo Period,15
1840.0,Koka Era,1
1840.0,Post-Medieval,1
1840.0,Qajar Dynasty,1
1840.0,Qing Dynasty,1
1840.0,Tenpo Era,19
1840.0,Unknown,233
1841.0,Tenpo Era,3
1841.0,Unknown,147
1842.0,Daoguang,1
1842.0,Edo Period,7
1842.0,Qing Dynasty,1
1842.0,Tenpo Era,7
1842.0,Unknown,93
1843.0,Edo Period,4
1843.0,Tenpo Era,4
1843.0,Unknown,102
1844.0,Edo Period,2
1844.0,Koka Era,4
1844.0,Qing Dynasty,1
1844.0,Tenpo Era,9
1844.0,Unknown,117
1845.0,Edo Period,2
1845.0,Koka Era,6
1845.0,Post-Medieval,2
1845.0,Tenpo Era,1
1845.0,Unknown,111
1846.0,Koka Era,6
1846.0,Qing Dynasty,1
1846.0,Tenpo Era,1
1846.0,Unknown,83
1847.0,Edo Period,6
1847.0,Koka Era,11
1847.0,Unknown,117
1848.0,Daoguang,1
1848.0,Edo Period,4
1848.0,Kaei Era,9
1848.0,Koka Era,2
1848.0,Qing Dynasty,1
1848.0,Tenpo Era,1
1848.0,Unknown,143
1849.0,Edo Period,5
1849.0,Kaei Era,16
1849.0,Koka Era,1
1849.0,Unknown,91
1850.0,Ansei Era,2
1850.0,Daoguang,1
1850.0,Edo Period,48
1850.0,Islamic,2
1850.0,Kaei Era,14
1850.0,Meiji Era,4
1850.0,Ottoman Dynasty,2
1850.0,Post-Medieval,1
1850.0,Qajar Dynasty,8
1850.0,Qing Dynasty,7
1850.0,Unknown,568
1851.0,Kaei Era,8
1851.0,Unknown,131
1852.0,Ansei Era,1
1852.0,Edo Period,7
1852.0,Filali Sharifs,1
1852.0,Kaei Era,15
1852.0,Ottoman Dynasty,1
1852.0,Qajar Dynasty,1
1852.0,Unknown,91
1853.0,Ansei Era,2
1853.0,Edo Period,1
1853.0,Kaei Era,9
1853.0,Qing Dynasty,1
1853.0,Unknown,109
1854.0,Ansei Era,9
1854.0,Edo Period,3
1854.0,Islamic,1
1854.0,Kaei Era,4
1854.0,Qing Dynasty,2
1854.0,Unknown,124
1854.0,Xianfeng,1
1855.0,Ansei Era,10
1855.0,Edo Period,6
1855.0,Qing Dynasty,2
1855.0,Unknown,146
1856.0,Ansei Era,10
1856.0,Edo Period,7
1856.0,Unknown,91
1857.0,Ansei Era,14
1857.0,Edo Period,7
1857.0,Qing Dynasty,2
1857.0,Unknown,68
1857.0,Xianfeng,2
1858.0,Ansei Era,16
1858.0,Edo Period,3
1858.0,Unknown,107
1859.0,Ansei Era,14
1859.0,Edo Period,4
1859.0,Qing Dynasty,1
1859.0,Unknown,92
1860.0,Ansei Era,2
1860.0,Bunkyu Era,1
1860.0,Edo Period,9
1860.0,Islamic,1
1860.0,Keio Era,1
1860.0,Manen Era,15
1860.0,Meiji Era,2
1860.0,Qing Dynasty,2
1860.0,Unknown,287
1861.0,Bunkyu Era,10
1861.0,Edo Period,4
1861.0,Manen Era,1
1861.0,Unknown,72
1862.0,Bunkyu Era,9
1862.0,Edo Period,7
1862.0,Unknown,86
1863.0,Bunkyu Era,11
1863.0,Edo Period,3
1863.0,Meiji Era,1
1863.0,Qing Dynasty,1
1863.0,Unknown,140
1864.0,Bunkyu Era,1
1864.0,Edo Period,4
1864.0,Genji Era,7
1864.0,Qing Dynasty,1
1864.0,Unknown,87
1865.0,Edo Period,5
1865.0,Genji Era,1
1865.0,Keio Era,5
1865.0,Unknown,228
1866.0,Keio Era,9
1866.0,Qing Dynasty,1
1866.0,Unknown,79
1867.0,Bunkyu Era,1
1867.0,Edo Period,1
1867.0,Keio Era,8
1867.0,Post-Medieval,2
1867.0,Qing Dynasty,1
1867.0,Unknown,154
1868.0,Edo Period,2
1868.0,Keio Era,4
1868.0,Meiji Era,2
1868.0,Unknown,137
1869.0,Meiji Era,6
1869.0,Unknown,100
1870.0,Keio Era,1
1870.0,Meiji Era,21
1870.0,Unknown,205
1871.0,Meiji Era,7
1871.0,Qing Dynasty,3
1871.0,Unknown,120
1872.0,Meiji Era,6
1872.0,Unknown,117
1873.0,Meiji Era,4
1873.0,Qing Dynasty,3
1873.0,Unknown,118
1874.0,Late Islamic,1
1874.0,Meiji Era,4
1874.0,Qing Dynasty,2
1874.0,Tongzhi,1
1874.0,Unknown,99
1875.0,Meiji Era,9
1875.0,Post-Medieval,1
1875.0,Qing Dynasty,1
1875.0,Unknown,114
1876.0,Buddhist,1
1876.0,Meiji Era,5
1876.0,Unknown,101
1877.0,Meiji Era,13
1877.0,Unknown,90
1878.0,Meiji Era,7
1878.0,Unknown,134
1879.0,Guangxu,2
1879.0,Meiji Era,9
1879.0,Qajar Dynasty,1
1879.0,Unknown,152
1880.0,Classic Maya,1
1880.0,Guangxu,1
1880.0,Islamic,2
1880.0,Late Islamic,1
1880.0,Maya,11
1880.0,Meiji Era,24
1880.0,Qing Dynasty,1
1880.0,Terminal Classic Maya,1
1880.0,Unknown,245
1881.0,Meiji Era,15
1881.0,Unknown,77
1882.0,Guangxu,1
1882.0,Meiji Era,5
1882.0,Unknown,97
1883.0,Classic Maya,3
1883.0,Meiji Era,11
1883.0,Unknown,75
1884.0,Meiji Era,2
1884.0,Qing Dynasty,1
1884.0,Unknown,80
1885.0,Buddhist,1
1885.0,Colonial,1
1885.0,Edo Period,9
1885.0,Islamic,2
1885.0,Joseon Dynasty,6
1885.0,Mahdiya,1
1885.0,Maya,2
1885.0,Meiji Era,42
1885.0,Ottoman Dynasty,4
1885.0,Persian,1
1885.0,Qajar Dynasty,3
1885.0,Qing Dynasty,1
1885.0,Unknown,1003
1886.0,Meiji Era,12
1886.0,Unknown,122
1887.0,Meiji Era,12
1887.0,Unknown,97
1888.0,Meiji Era,9
1888.0,Qing Dynasty,2
1888.0,Unknown,81
1889.0,Guangxu,1
1889.0,Meiji Era,9
1889.0,Qing Dynasty,1
1889.0,Unknown,88
1890.0,Meiji Era,14
1890.0,Qing Dynasty,3
1890.0,Unknown,208
1891.0,Guangxu,1
1891.0,Meiji Era,9
1891.0,Qing Dynasty,1
1891.0,Unknown,139
1892.0,Meiji Era,12
1892.0,Qing Dynasty,1
1892.0,Unknown,109
1893.0,Christian,1
1893.0,Meiji Era,10
1893.0,Showa Era,1
1893.0,Unknown,99
1894.0,Buddhist,6
1894.0,Guangxu,1
1894.0,Meiji Era,10
1894.0,Qing Dynasty,1
1894.0,Unknown,104
1895.0,Guangxu,1
1895.0,Meiji Era,7
1895.0,Qing Dynasty,1
1895.0,Unknown,134
1896.0,Guangxu,2
1896.0,Islamic,1
1896.0,Meiji Era,12
1896.0,Qing Dynasty,1
1896.0,Unknown,96
1897.0,Guangxu,1
1897.0,Meiji Era,10
1897.0,Qing Dynasty,2
1897.0,Unknown,84
1898.0,Buddhist,2
1898.0,Classic Maya,1
1898.0,Guangxu,2
1898.0,Mahdiya,3
1898.0,Meiji Era,2
1898.0,Qing Dynasty,1
1898.0,Unknown,127
1899.0,Meiji Era,12
1899.0,Qing Dynasty,1
1899.0,Unknown,74
1900.0,18Th Dynasty,1
1900.0,Buddhist,2
1900.0,Christian,2
1900.0,Guangxu,6
1900.0,Han Dynasty,1
1900.0,Heisei Era,32
1900.0,Iron Age,16
1900.0,Islamic,31
1900.0,Joseon Dynasty,4
1900.0,La TNe Ii,1
1900.0,Late Islamic,1
1900.0,Lombardic,2
1900.0,Meiji Era,25
1900.0,Mesopotamian,1
1900.0,Mughal Dynasty,2
1900.0,Neolithic/Bronze Age,106
1900.0,Persian,1
1900.0,Qing Dynasty,21
1900.0,Republic,9
1900.0,Romano-British,25
1900.0,Showa Era,9
1900.0,Unknown,2126
1900.0,Visigothic,1
1900.0,Zapotec,1
1901.0,Meiji Era,7
1901.0,Unknown,84
1902.0,Meiji Era,2
1902.0,Qing Dynasty,2
1902.0,Unknown,141
1903.0,Buddhist,1
1903.0,Guangxu,1
1903.0,Meiji Era,3
1903.0,Qing Dynasty,1
1903.0,Unknown,97
1904.0,Meiji Era,15
1904.0,Qing Dynasty,1
1904.0,Unknown,107
1905.0,Buddhist,9
1905.0,Guangxu,1
1905.0,Meiji Era,7
1905.0,Qing Dynasty,4
1905.0,Unknown,156
1906.0,Guangxu,1
1906.0,Meiji Era,13
1906.0,Qing Dynasty,3
1906.0,Unknown,345
1907.0,Guangxu,1
1907.0,Meiji Era,7
1907.0,Qing Dynasty,2
1907.0,Unknown,127
1908.0,Guangxu,2
1908.0,Islamic,1
1908.0,Meiji Era,5
1908.0,Qing Dynasty,2
1908.0,Tongzhi,1
1908.0,Unknown,108
1909.0,Islamic,1
1909.0,Meiji Era,14
1909.0,Qing Dynasty,1
1909.0,Unknown,99
1909.0,Xuantong,2
1910.0,Joseon Dynasty,1
1910.0,Meiji Era,10
1910.0,Unknown,199
1910.0,Xuantong,1
1911.0,Huari,1
1911.0,Meiji Era,4
1911.0,Ottoman Dynasty,1
1911.0,Qing Dynasty,3
1911.0,Unknown,133
1911.0,Xuantong,2
1912.0,Islamic,1
1912.0,Meiji Era,2
1912.0,Post-Medieval,1
1912.0,Republic,2
1912.0,Showa Era,1
1912.0,Taisho Era,2
1912.0,Unknown,107
1913.0,Arctic,17
1913.0,Republic,2
1913.0,Taisho Era,5
1913.0,Unknown,92
1914.0,Classic Maya,1
1914.0,Republic,2
1914.0,Taisho Era,4
1914.0,Unknown,130
1915.0,Arctic,10
1915.0,Eskimo,1
1915.0,Taisho Era,4
1915.0,Unknown,88
1916.0,Hongxian,1
1916.0,Republic,3
1916.0,Taisho Era,3
1916.0,Unknown,87
1917.0,Republic,2
1917.0,Taisho Era,10
1917.0,Unknown,122
1918.0,Republic,3
1918.0,Taisho Era,6
1918.0,Unknown,115
1919.0,Taisho Era,4
1919.0,Unknown,94
1920.0,Eskimo,1
1920.0,Republic,2
1920.0,Taisho Era,7
1920.0,Unknown,381
1920.0,Zapotec,1
1921.0,Showa Era,1
1921.0,Taisho Era,7
1921.0,Unknown,156
1922.0,Republic,1
1922.0,Taisho Era,9
1922.0,Unknown,100
1923.0,Chincha-Atacama,2
1923.0,Republic,2
1923.0,Taisho Era,8
1923.0,Unknown,107
1924.0,Huaxtec,1
1924.0,Taisho Era,11
1924.0,Unknown,205
1925.0,Buddhist,3
1925.0,Indus Valley Civilisation,1
1925.0,Islamic,5
1925.0,Meiji Era,1
1925.0,Qing Dynasty,3
1925.0,Republic,5
1925.0,Showa Era,1
1925.0,Taisho Era,12
1925.0,Unknown,1683
1926.0,Colonial,1
1926.0,Showa Era,3
1926.0,Taisho Era,4
1926.0,Teotihuacan,1
1926.0,Unknown,90
1927.0,Late Classic Maya,1
1927.0,Republic,1
1927.0,Showa Era,11
1927.0,Unknown,134
1928.0,Colonial,1
1928.0,Pahlavi Dynasty,1
1928.0,Republic,3
1928.0,Showa Era,5
1928.0,Unknown,97
1929.0,Maya,1
1929.0,Showa Era,13
1929.0,Unknown,141
1930.0,Jewish,1
1930.0,Old Babylonian,1
1930.0,Republic,5
1930.0,Showa Era,14
1930.0,Unknown,662
1931.0,Colonial,1
1931.0,Republic,1
1931.0,Showa Era,8
1931.0,Unknown,129
1932.0,Colonial,1
1932.0,Republic,1
1932.0,Showa Era,21
1932.0,Unknown,131
1933.0,Republic,1
1933.0,Showa Era,14
1933.0,Unknown,217
1934.0,Republic,1
1934.0,Showa Era,10
1934.0,Unknown,167
1935.0,Showa Era,16
1935.0,Unknown,241
1936.0,Islamic,1
1936.0,Republic,7
1936.0,Showa Era,5
1936.0,Unknown,276
1937.0,Hindu,8
1937.0,Republic,4
1937.0,Showa Era,11
1937.0,Unknown,144
1938.0,Republic,3
1938.0,Showa Era,7
1938.0,Unknown,129
1939.0,Anasazi,1
1939.0,Republic,2
1939.0,Showa Era,17
1939.0,Unknown,93
1940.0,Republic,40
1940.0,Showa Era,20
1940.0,Unknown,158
1941.0,Republic,1
1941.0,Showa Era,9
1941.0,Unknown,47
1942.0,Buddhist,1
1942.0,Republic,2
1942.0,Showa Era,8
1942.0,Unknown,40
1943.0,Republic,4
1943.0,Showa Era,8
1943.0,Unknown,47
1944.0,Pahlavi Dynasty,1
1944.0,Republic,4
1944.0,Showa Era,7
1944.0,Unknown,64
1945.0,Republic,3
1945.0,Showa Era,5
1945.0,Unknown,58
1946.0,Republic,2
1946.0,Romano-British,1
1946.0,Showa Era,23
1946.0,Unknown,220
1947.0,Showa Era,10
1947.0,Unknown,207
1948.0,Quimbaya,3
1948.0,Republic,3
1948.0,Showa Era,7
1948.0,Unknown,86
1949.0,Showa Era,2
1949.0,Unknown,78
1950.0,Colonial,1
1950.0,Punuk,2
1950.0,Showa Era,10
1950.0,Thule,1
1950.0,Unknown,569
1951.0,Showa Era,1
1951.0,Unknown,46
1952.0,Showa Era,2
1952.0,Unknown,61
1953.0,Showa Era,3
1953.0,Unknown,78
1954.0,Showa Era,3
1954.0,Unknown,86
1955.0,Peoples Republic Of China,2
1955.0,Showa Era,2
1955.0,Unknown,53
1956.0,Muisca,1
1956.0,Peoples Republic Of China,2
1956.0,Showa Era,1
1956.0,Unknown,53
1957.0,Showa Era,6
1957.0,Unknown,62
1958.0,Peoples Republic Of China,2
1958.0,Showa Era,2
1958.0,Unknown,49
1959.0,Falasha,2
1959.0,Showa Era,5
1959.0,Unknown,54
1960.0,Peoples Republic Of China,2
1960.0,Showa Era,26
1960.0,Taino,4
1960.0,Unknown,235
1961.0,Heisei Era,1
1961.0,Showa Era,3
1961.0,Unknown,48
1962.0,Islamic,1
1962.0,Peoples Republic Of China,1
1962.0,Showa Era,2
1962.0,Unknown,78
1963.0,Maya,1
1963.0,Peoples Republic Of China,2
1963.0,Showa Era,6
1963.0,Unknown,57
1964.0,Peoples Republic Of China,1
1964.0,Showa Era,8
1964.0,Unknown,101
1965.0,Showa Era,2
1965.0,Unknown,59
1966.0,Peoples Republic Of China,1
1966.0,Showa Era,8
1966.0,Unknown,47
1967.0,Showa Era,9
1967.0,Taino,1
1967.0,Unknown,42
1968.0,Showa Era,11
1968.0,Unknown,54
1969.0,Jewish,1
1969.0,Showa Era,8
1969.0,Unknown,105
1970.0,Classic Maya,1
1970.0,Late Islamic,1
1970.0,Showa Era,30
1970.0,Unknown,805
1971.0,Persian,12
1971.0,Showa Era,12
1971.0,Unknown,184
1972.0,Peoples Republic Of China,1
1972.0,Showa Era,17
1972.0,Unknown,110
1973.0,Showa Era,13
1973.0,Unknown,120
1974.0,Showa Era,16
1974.0,Unknown,72
1975.0,Peoples Republic Of China,1
1975.0,Showa Era,15
1975.0,Unknown,100
1976.0,Showa Era,10
1976.0,Unknown,89
1977.0,Peoples Republic Of China,1
1977.0,Showa Era,1
1977.0,Unknown,62
1978.0,Showa Era,9
1978.0,Unknown,65
1979.0,Heisei Era,1
1979.0,Showa Era,3
1979.0,Unknown,125
1980.0,Heisei Era,2
1980.0,Peoples Republic Of China,1
1980.0,Showa Era,11
1980.0,Unknown,1186
1981.0,Hindu,1
1981.0,Showa Era,3
1981.0,Unknown,192
1982.0,Heisei Era,1
1982.0,Showa Era,6
1982.0,Unknown,98
1983.0,Peoples Republic Of China,1
1983.0,Showa Era,20
1983.0,Unknown,127
1984.0,Heisei Era,1
1984.0,Showa Era,23
1984.0,Unknown,72
1985.0,Heisei Era,7
1985.0,Peoples Republic Of China,1
1985.0,Showa Era,25
1985.0,Unknown,407
1986.0,Showa Era,7
1986.0,Unknown,104
1987.0,Heisei Era,1
1987.0,Islamic,1
1987.0,Showa Era,2
1987.0,Unknown,95
1988.0,Heisei Era,1
1988.0,Showa Era,1
1988.0,Unknown,115
1989.0,Heisei Era,22
1989.0,Showa Era,4
1989.0,Unknown,175
1990.0,Heisei Era,39
1990.0,Unknown,556
1991.0,Heisei Era,25
1991.0,Islamic,1
1991.0,Showa Era,2
1991.0,Unknown,132
1992.0,Heisei Era,35
1992.0,Hindu,1
1992.0,Peoples Republic Of China,1
1992.0,Unknown,142
1993.0,Heisei Era,41
1993.0,Unknown,146
1994.0,Heisei Era,24
1994.0,Unknown,154
1995.0,Heisei Era,38
1995.0,Unknown,103
1996.0,Heisei Era,29
1996.0,Reiwa Era,1
1996.0,Unknown,101
1997.0,Heisei Era,22
1997.0,Showa Era,1
1997.0,Unknown,105
1998.0,Heisei Era,22
1998.0,Unknown,112
1999.0,Heisei Era,24
1999.0,Islamic,1
1999.0,Unknown,66
2000.0,Heisei Era,170
2000.0,Islamic,4
2000.0,Qing Dynasty,1
2000.0,Unknown,280
2001.0,Heisei Era,6
2001.0,Unknown,125
2002.0,Heisei Era,11
2002.0,Hindu,6
2002.0,Unknown,172
2003.0,Heisei Era,9
2003.0,Unknown,76
2004.0,Heisei Era,7
2004.0,Unknown,68
2005.0,Heisei Era,9
2005.0,Unknown,100
2006.0,Heisei Era,10
2006.0,Unknown,94
2007.0,Heisei Era,10
2007.0,Unknown,66
2008.0,American Cultures And Periods,4
2008.0,Heisei Era,16
2008.0,Unknown,95
2009.0,Heisei Era,8
2009.0,Persian,1
2009.0,Unknown,94
2010.0,Heisei Era,6
2010.0,Unknown,109
2011.0,Heisei Era,6
2011.0,Unknown,100
2012.0,Heisei Era,3
2012.0,Unknown,78
2013.0,Heisei Era,9
2013.0,Unknown,58
2014.0,Heisei Era,6
2014.0,Unknown,88
2015.0,Heisei Era,9
2015.0,Unknown,70
2016.0,Abbasid Dynasty,1
2016.0,Al-Khulafa Al-Rashidun,1
2016.0,Ayyubid Dynasty,1
2016.0,Fatimid Dynasty,1
2016.0,Heisei Era,6
2016.0,Mamluk Dynasty,1
2016.0,Ottoman Dynasty,1
2016.0,Peoples Republic Of China,1
2016.0,Umayyad Dynasty,1
2016.0,Unknown,53
2017.0,Heisei Era,6
2017.0,Unknown,53
2018.0,Heisei Era,4
2018.0,Unknown,28
2019.0,Reiwa,1
2019.0,Reiwa Era,1
2019.0,Unknown,32
2020.0,Reiwa Era,1
2020.0,Unknown,42
2021.0,Reiwa Era,2
2021.0,Unknown,25
2022.0,Reiwa Era,1
2022.0,Unknown,15
2023.0,Unknown,4
2025.0,Unknown,3
2800.0,Unknown,1
2885.0,Unknown,1
3500.0,Hongshan Culture,1
